atlanta,http://atlanta.craigslist.org/atl/sys/2147268942.html,FS: Apple Macbook Pro 17 2.93Ghz 4 GB RAM/250GB HD -,1499,10,2.93,4,250,73.9403
atlanta,http://atlanta.craigslist.org/atl/sys/2146539907.html,"17"" MACBOOK PRO Intel Core 2 Duo, LIKE NEW  -",895,10,2.33,2,320,-26.5857
atlanta,http://atlanta.craigslist.org/sat/sys/2146163103.html,MacBook Pro 13.3' Inch -,949,13,2.4,4,250,159.024
atlanta,http://atlanta.craigslist.org/atl/sys/2146143731.html,13.3 inch MacBook Pro 2.4GHz (Sealed Brand New) -,1050,13,2.4,4,250,58.024
atlanta,http://atlanta.craigslist.org/atl/sys/2145904623.html,"15"" Macbook Pro UNIBODY - Upgraded - Pro Software - AppleCare  -",1650,15,2.53,4,320,-240.9937
atlanta,http://atlanta.craigslist.org/atl/sys/2144810461.html,"17"" MACBOOK PRO Intel Core 2 Duo, LIKE NEW  -",895,10,2.33,2,320,-26.5857
atlanta,http://atlanta.craigslist.org/atl/sys/2144299919.html,MACBOOK PRO 13 -,800,10,2.4,4,250,136.034
atlanta,http://atlanta.craigslist.org/nat/ele/2143540196.html,Apple MacBook Pro - Core 2 Duo 2.26 GHz - 13.3&#8243; - 2 GB Ram - 160 GB HD -,955,13,2.26,2,160,-67.5154
atlanta,http://atlanta.craigslist.org/atl/sys/2142973283.html,"17"" MACBOOK PRO  -",895,17,2.33,2,320,374.7243
atlanta,http://atlanta.craigslist.org/atl/sys/2142625476.html,Macbook Pro 13.3 -,1300,13,2.66,4,320,150.5686
atlanta,http://atlanta.craigslist.org/atl/sys/2142199457.html,"Apple Macbook Pro 17""  -",1350,17,2.8,4,500,575.528
atlanta,http://atlanta.craigslist.org/atl/sys/2141131178.html,"17"" MACBOOK PRO  -",895,17,2.33,2,320,374.7243
atlanta,http://atlanta.craigslist.org/atl/sys/2140681132.html,Apple MacBook Pro - Core 2 Duo 2.8 GHz - 17&#8243; - 4 GB Ram - 500 GB HDD -,1325,10,2.8,4,500,199.218
atlanta,http://atlanta.craigslist.org/nat/sys/2139955272.html,"15"" Unibody Macbook Pro Snow Leopard -",1300,10,2.4,3,250,-370.766
atlanta,http://atlanta.craigslist.org/atl/sys/2139446938.html,2010 UNIBODY APPLE MACBOOK PRO 13 INCH -,1100,10,2.4,4,250,-163.966
atlanta,http://atlanta.craigslist.org/atl/sys/2139242343.html,"MacBook Pro Unibody 15"" -",1400,15,2.66,4,320,165.2286
atlanta,http://atlanta.craigslist.org/atl/sys/2135831598.html,"17"" MACBOOK PRO Intel Core 2 Duo, LIKE NEW  -",895,10,2.33,2,320,-26.5857
atlanta,http://atlanta.craigslist.org/atl/sys/2134980401.html,"Apple MacBook Pro 15"" Brand New Sealed i7 2.66 GHZ 500GB 4GB Ram 9 Hr -",1799,15,2.66,4,500,-156.3714
atlanta,http://atlanta.craigslist.org/atl/sys/2134836724.html,"BRAND NEW MACBOOK PRO 15"" i7 2.66GHZ 4GB 500GB BRAND NEW NEVER OPENED -",1850,15,2.66,4,500,-207.3714
atlanta,http://atlanta.craigslist.org/atl/sys/2134294435.html,"17"" MACBOOK PRO Intel Core 2 Duo, LIKE NEW -",895,10,2.33,2,320,-26.5857
atlanta,http://atlanta.craigslist.org/atl/sys/2134147415.html,"BRAND NEW NEVER OPENED MACBOOK PRO 15"" i7 2.66GHz 4GB 500GB@@@@@@@@@@@ -",1800,10,2.66,4,500,-444.0214
atlanta,http://atlanta.craigslist.org/atl/sys/2132639576.html,BRAND NEW IN THE BOX MACBOOK PRO i7 2.66GHz 4GB 500GB -,1850,15,2.66,4,500,-207.3714
atlanta,http://atlanta.craigslist.org/atl/sys/2132508618.html,"17"" Apple Macbook Pro Laptop Core 2 Duo 2.33GHz 320Gb Drive, Like New  -",895,10,2.33,2,320,-26.5857
atlanta,http://atlanta.craigslist.org/atl/sys/2131335178.html,"17"" Apple Macbook Pro Laptop Core 2 Duo 2.33GHz 320Gb Drive, Like New -",895,10,2.33,2,320,-26.5857
atlanta,http://atlanta.craigslist.org/atl/sys/2130733687.html,MacBook Pro UniBody 3.06GHz 4GB 500GB SuperDrive -,1450,10,3.06,4,500,386.6626
atlanta,http://atlanta.craigslist.org/atl/sys/2130730854.html,Wireless Apple MacBook Pro 2.4GHz 4GB 320GB  -,1600,10,2.4,4,320,-633.866
atlanta,http://atlanta.craigslist.org/atl/sys/2130726214.html,Apple Unibody MacBook Pro 2.4GHz 4GB 320GB -,1700,10,2.4,4,320,-733.866
atlanta,http://atlanta.craigslist.org/atl/sys/2130721840.html,MacBook Pro 2.8GHz 4GB 500GB Wireless -,1450,10,2.8,4,500,74.218
atlanta,http://atlanta.craigslist.org/nat/sys/2129931317.html,MacBook Pro 13 new in box -,1150,13,2.4,4,250,-41.976
atlanta,http://atlanta.craigslist.org/atl/ele/2128395864.html,Save $$Hundreds on a Brand New  17in Macbook pro -,1975,17,2.53,4,500,-373.9337
atlanta,http://atlanta.craigslist.org/atl/sys/2128389000.html,NeverUsed 17in Macbook Pro $1975 -,1975,17,2.53,4,500,-373.9337
atlanta,http://atlanta.craigslist.org/atl/sys/2128387792.html,MacBook Pro 2.8GHz 4GB 500GB Wireless -,1450,10,2.8,4,500,74.218
atlanta,http://atlanta.craigslist.org/atl/sys/2128382259.html,Wireless Apple MacBook Pro 2.4GHz 4GB 320GB  -,1600,10,2.4,4,320,-633.866
atlanta,http://atlanta.craigslist.org/atl/sys/2128381220.html,MacBook Pro UniBody 3.06GHz 4GB 500GB SuperDrive -,1450,10,3.06,4,500,386.6626
atlanta,http://atlanta.craigslist.org/atl/sys/2127127565.html,BRAND NEW NEVER OPENED APPLE MACBOOK PRO 15 -,1600,15,2.67,4,320,-22.7543
atlanta,http://atlanta.craigslist.org/atl/ele/2126570349.html,15inch Macbook Pro for couple hundred bucks less -,1550,15,2.67,4,320,27.2457
atlanta,http://atlanta.craigslist.org/atl/sys/2125764777.html,"Apple MacBook Pro i7 (MC373LLA) 15.4"" 2.66GHz 500GB 4gb -",1900,15,2.66,4,500,-257.3714
atlanta,http://atlanta.craigslist.org/atl/sys/2125374029.html,Macbook Pro - 2.4 Core 2 Duo 15in -,800,15,2.4,2,160,370.384
atlanta,http://atlanta.craigslist.org/atl/sys/2125238536.html,Wireless Apple MacBook Pro 2.4GHz 4GB 320GB  -,1600,10,2.4,4,320,-633.866
atlanta,http://atlanta.craigslist.org/atl/sys/2125236940.html,MacBook Pro 2.8GHz 4GB 500GB Wireless -,1450,10,2.8,4,500,74.218
atlanta,http://atlanta.craigslist.org/atl/sys/2122797255.html,15 inch macbook pro unibody +++LOADED -,1300,15,2.4,2,250,-90.916
atlanta,http://atlanta.craigslist.org/atl/sys/2119354980.html,MacBook Pro 2.8GHz 4GB 500GB Wireless -,1450,10,2.8,4,500,74.218
atlanta,http://atlanta.craigslist.org/atl/sys/2119351147.html,Wireless Apple MacBook Pro 2.4GHz 4GB 320GB  -,1600,10,2.4,4,320,-633.866
atlanta,http://atlanta.craigslist.org/atl/sys/2119349451.html,MacBook Pro UniBody 3.06GHz 4GB 500GB SuperDrive -,1450,10,3.06,4,500,386.6626
atlanta,http://atlanta.craigslist.org/atl/sys/2118150255.html,MacBook Pro UniBody 3.06GHz 4GB 500GB SuperDrive -,1450,10,3.06,4,500,386.6626
atlanta,http://atlanta.craigslist.org/atl/sys/2118148188.html,Wireless Apple MacBook Pro 2.4GHz 4GB 320GB  -,1600,10,2.4,4,320,-633.866
atlanta,http://atlanta.craigslist.org/atl/sys/2118143484.html,Apple Unibody MacBook Pro 2.4GHz 4GB 320GB -,1700,10,2.4,4,320,-733.866
atlanta,http://atlanta.craigslist.org/atl/sys/2118138968.html,MacBook Pro 2.8GHz 4GB 500GB Wireless -,1450,10,2.8,4,500,74.218
atlanta,http://atlanta.craigslist.org/atl/sys/2117493683.html,"15.4"" MacBook Pro Unibody -",1200,15,2.53,4,320,209.0063
atlanta,http://atlanta.craigslist.org/atl/sys/2117262845.html,15 inch macbook pro unibody ++APPLECARE+LOADED -,1250,15,2.4,4,250,-27.316
atlanta,http://atlanta.craigslist.org/atl/sys/2115869304.html,Never used/Sealed  15 MacBook Pro $1700/OBO -,1700,15,2.67,4,500,-45.3543
atlanta,http://atlanta.craigslist.org/atl/sys/2113929992.html,"17"" MacBook Pro  3.06Ghz  500G 7200RPM -",1200,17,3.06,8,500,1065.1726
atlanta,http://atlanta.craigslist.org/atl/sys/2110444459.html,MacBook Pro UniBody 3.06GHz 4GB 500GB SuperDrive -,1450,10,3.06,4,500,386.6626
atlanta,http://atlanta.craigslist.org/atl/sys/2110440493.html,Wireless Apple MacBook Pro 2.4GHz 4GB 320GB  -,1600,10,2.4,4,320,-633.866
atlanta,http://atlanta.craigslist.org/atl/sys/2110438046.html,Apple Unibody MacBook Pro 2.4GHz 4GB 320GB -,1700,10,2.4,4,320,-733.866
atlanta,http://atlanta.craigslist.org/atl/sys/2110419791.html,MacBook Pro 2.8GHz 4GB 500GB Wireless -,1450,10,2.8,4,500,74.218
atlanta,http://atlanta.craigslist.org/atl/sys/2107486248.html,MacBook Pro 2.8GHz 4GB 500GB Wireless -,1450,10,2.8,4,500,74.218
atlanta,http://atlanta.craigslist.org/atl/sys/2107466725.html,Apple Unibody MacBook Pro 2.4GHz 4GB 320GB -,1700,10,2.4,4,320,-733.866
atlanta,http://atlanta.craigslist.org/atl/sys/2107453492.html,Wireless Apple MacBook Pro 2.4GHz 4GB 320GB  -,1600,10,2.4,4,320,-633.866
atlanta,http://atlanta.craigslist.org/atl/sys/2107439900.html,MacBook Pro UniBody 3.06GHz 4GB 500GB SuperDrive -,1450,10,3.06,4,500,386.6626
atlanta,http://atlanta.craigslist.org/atl/sys/2104430996.html,MacBook Pro Unibody 2.4GHZ 2GB 250GB -,950,13,2.4,2,250,144.424
atlanta,http://atlanta.craigslist.org/atl/sys/2095740544.html,"15"" MacBook Pro (MB471LL/A) -",1100,15,2.53,4,320,309.0063
atlanta,http://atlanta.craigslist.org/atl/sys/2103144804.html,"Unibody 17"" Macbook Pro -",1500,10,2.6,4,320,-293.524
atlanta,http://atlanta.craigslist.org/nat/sys/2102282280.html,---------&gt; Newest model MacBook Pro - custom ordered top of the line! Call NO -,1925,15,2.53,4,500,-438.5937
atlanta,http://atlanta.craigslist.org/atl/sys/2102069555.html,MacBook Pro Unibody 2.4GHZ 2GB 250GB -,950,13,2.4,2,250,144.424
atlanta,http://atlanta.craigslist.org/nat/sys/2101321339.html,"MacBook Pro - 13"" -",800,13,2.26,2,160,87.4846
atlanta,http://atlanta.craigslist.org/atl/sys/2101131286.html,Fast MacBook Pro w/ Bluetooth Mouse -,800,15,2.42,4,180,416.6182
austin,http://austin.craigslist.org/sys/2147640456.html,"Macbook Pro 17"" 2.4GHZ 2GBof RAM 500GB Hard Drive 7200RPM -",849,10,2.4,2,500,180.934
austin,http://austin.craigslist.org/sys/2146987683.html,13.3 Macbook pro unibody 2.53GHZ -,1000,13,2.53,4,250,264.2463
austin,http://austin.craigslist.org/sys/2143907668.html,"Apple MacBook Pro 13"" 2.53 gHz 320gb 4gb AppleCare -",1000,13,2.53,4,320,294.3463
austin,http://austin.craigslist.org/sys/2143805982.html,MacBook Pro 15.4 2.4GHz w/4GB RAM - SOFTWARE LOADED!  -,1390,15,2.4,4,500,-59.816
austin,http://austin.craigslist.org/sys/2142647196.html,"MACBOOK PRO CORE 2 DUO 17"" -",899,10,2.1,2,120,-392.979
austin,http://austin.craigslist.org/sys/2140966719.html,"13"" MacBook Pro 2010 w/120GB Vertex 2 SSD -",1300,13,2.4,4,120,-247.876
austin,http://austin.craigslist.org/sys/2139178498.html,"15"" MacBook Pro w/ MS Office H&amp;S -",1500,15,2.4,4,320,-247.216
austin,http://austin.craigslist.org/sys/2137702941.html,"13"" Apple MacBook Pro 2.4 New Condition + Software -",1100,13,2.4,4,250,8.024
austin,http://austin.craigslist.org/sys/2135815426.html,"13.3"" MacBook Pro 2.4ghz - brand new -",1100,13,2.4,4,250,8.024
austin,http://austin.craigslist.org/sys/2135521734.html,"MacBook Pro 15"" Unibody 8 GB RAM 7200 RPM HD -",1300,15,2.4,8,250,-50.116
austin,http://austin.craigslist.org/sys/2135511990.html,"15"" Macbook Pro Like New 2.4 GHz Core 2 Duo 185 GB 2GB Ram New Battery -",900,10,2.4,2,185,-5.516
austin,http://austin.craigslist.org/sys/2135172491.html,"2010 MacBook Pro 13""w/  iLife 2011, iWork 09, Aperture 3  -",995,13,2.4,4,250,113.024
austin,http://austin.craigslist.org/sys/2132779917.html,"MacBook Pro 15"" + CS5 + iphone and accessories worth $3155 -",1500,15,2.52,4,250,-133.1108
austin,http://austin.craigslist.org/sys/2132129396.html,MacBook Pro 15 inch -,900,15,2.4,2,160,270.384
austin,http://austin.craigslist.org/sys/2122798702.html,"Macbook Pro 15"" 2.16GHz 4GB RAM 500GB HD -",950,15,2.16,4,500,91.7736
austin,http://austin.craigslist.org/sys/2119417492.html,"&#63743; 13"" MacBook Pro (newest model) warranty and software &#63743; -",1100,13,2.4,4,250,8.024
austin,http://austin.craigslist.org/sys/2118444231.html,"Apple 17"" MacBook Pro 2.6ghz    Warranty !! -",1200,10,2.6,4,200,-45.124
austin,http://austin.craigslist.org/sys/2110543147.html,FS: Mint MacBook Pro 17 Unibody - 2.8GHZ/4GB/500GB - Extras -,1850,10,2.8,4,500,-325.782
austin,http://austin.craigslist.org/sys/2109461849.html,"IMAC 24""TRADE FOR MACBOOK PRO -",1050,10,2.8,4,320,396.818
austin,http://austin.craigslist.org/msg/2108950651.html,Loaded 2009 MacBook Pro Recording Rig -,1800,15,2.66,8,256,-235.0914
austin,http://austin.craigslist.org/sys/2107689028.html,"Macbook Pro 13"" 2.4Ghz 8GB 256GB SSD (mid-2010) -",1400,13,2.4,8,256,-262.196
austin,http://austin.craigslist.org/sys/2097602393.html,"17"" MacBook Pro 8GB of memory -",1200,17,3.06,8,500,1065.1726
austin,http://austin.craigslist.org/sys/2094901445.html,"13"" Macbook Pro -",900,13,2.0,2,160,-324.96
austin,http://austin.craigslist.org/sys/2090702921.html,"MacBook Pro(MC024LL/A),2.53GHz,4GB,i5,1TB,17"" -",1000,17,2.67,4,500,769.3057
boston,http://boston.craigslist.org/gbs/sys/2148068020.html,Apple Macbook Pro Unibody 2.54 GHz -,1050,15,2.54,4,160,302.2234
boston,http://boston.craigslist.org/gbs/sys/2147056209.html,"2.66ghz 15"" Macbook Pro 8gb ram -",1400,10,2.66,8,320,-94.2214
boston,http://boston.craigslist.org/gbs/sys/2146738942.html,Macbook Pro 15in Unibody -,1400,10,2.66,4,320,-121.4214
boston,http://boston.craigslist.org/gbs/sys/2146027822.html,"MACBOOK PRO - 13"" 2.25 Ghz 2010 Version! - Amazing! -",999,13,2.25,2,250,-84.8325
boston,http://boston.craigslist.org/gbs/sys/2145952480.html,"Apple MacBook Pro 13.3-Inch, 2.4GHz - BRAND NEW -",1080,13,2.4,4,250,28.024
boston,http://boston.craigslist.org/gbs/sys/2144921525.html,"Apple Macbook Pro 15"" 2.66Ghz i7 512GB SSD 8GB Warranty -",800,15,2.66,8,512,874.9886
boston,http://boston.craigslist.org/gbs/sys/2144887454.html,"MACBOOK PRO 15"" - LIKE NEW !!! -",850,15,2.16,0,120,1.1736
boston,http://boston.craigslist.org/gbs/sys/2143819536.html,"15"" MacBook Pro 2.33 GHz Intel Core 2 Duo -",850,10,2.33,2,160,-50.3857
boston,http://boston.craigslist.org/gbs/sys/2143775330.html,macbook pro -,900,13,2.53,4,250,364.2463
boston,http://boston.craigslist.org/gbs/sys/2142629015.html,13 inch macbook pro -,1100,13,2.53,4,250,164.2463
chicago,http://chicago.craigslist.org/chc/ele/2147160806.html,Apple MacBook Pro 2.66GHz Intel Core i7 Silver Notebook Computer  -,2100,15,2.66,4,500,-457.3714
chicago,http://chicago.craigslist.org/chc/sys/2147007747.html,MacBook Pro 15 inch -,1500,15,2.8,4,500,310.868
chicago,http://chicago.craigslist.org/chc/sys/2146309711.html,MacBook Pro 17' 8GB RAM -,2700,17,2.66,8,500,-915.5114
chicago,http://chicago.craigslist.org/chc/sys/2146140260.html,Unibody Macbook / Pro 2.4 GHz  -,800,10,2.4,2,256,125.014
chicago,http://chicago.craigslist.org/nch/sys/2145904787.html,Macbook Pro 15' -,800,10,2.4,4,200,114.534
chicago,http://chicago.craigslist.org/chc/sys/2144957406.html,"Apple Macbook Pro 15"" 3.06Ghz 256GB SSD 8GB Applecare -",800,15,3.06,8,256,1245.5926
chicago,http://chicago.craigslist.org/chc/sys/2144869990.html,"Apple MacBook Pro, 17"" 2GB 2.16GHZ Intel Core Duo -",800,17,2.16,2,100,170.8336
chicago,http://chicago.craigslist.org/chc/ele/2143518305.html,Brand New Macbook Pro 17in i5 -,1800,10,2.53,4,500,-600.2437
chicago,http://chicago.craigslist.org/chc/sys/2143444662.html,"15.4"" 2.66 GHz mint MacBook Pro w/AppleCare to 11/2012 -",1350,10,2.66,4,320,-71.4214
chicago,http://chicago.craigslist.org/chc/ele/2142354606.html,15' MacBook Pro - Fully Loaded $2200 Value -,1600,15,2.53,4,500,-113.5937
chicago,http://chicago.craigslist.org/chc/sys/2141389270.html,17' Macbook Pro -,800,17,2.33,2,250,439.6243
chicago,http://chicago.craigslist.org/chc/sys/2141325281.html,"MacBook Pro 15"" Snow Leopard -",1050,15,2.2,4,250,-67.658
chicago,http://chicago.craigslist.org/sox/sys/2141000948.html,Macbook Pro 2.4 GHz Core 2 Duo (Non-Unibody) -,850,15,2.4,0,500,452.984
chicago,http://chicago.craigslist.org/chc/ele/2140092285.html,2009 MacBook Pro Unibody Laptop (Apple) -,1150,15,2.53,2,300,236.8063
chicago,http://chicago.craigslist.org/chc/sys/2139808739.html,"17"" Macbook Pro for the Media Lover -",1199,17,2.4,2,200,103.244
chicago,http://chicago.craigslist.org/chc/sys/2139795701.html,"15"" MacBook Pro -",899,15,2.4,2,200,288.584
chicago,http://chicago.craigslist.org/nwc/sys/2138762568.html,"MacBook Pro 15"" OS X Snow Leopard -",1800,10,2.66,4,320,-521.4214
dallas,http://dallas.craigslist.org/dal/sys/2148227053.html,"NEW Unibody Macbook Pro 15"" Intel Core i5 w/ 4GB RAM -",1625,15,2.4,4,320,-372.216
dallas,http://dallas.craigslist.org/ndf/sys/2147896284.html,Apple Macbook Pro 15 2.66Ghz 4GB 320GB CNC Unibody Construction -,1300,10,2.66,4,320,-21.4214
dallas,http://dallas.craigslist.org/dal/sys/2147880392.html,17 in Macbook Pro 2.5ghz 4gb ram 250gb hd -,1100,16,2.5,4,250,300.185
dallas,http://dallas.craigslist.org/ndf/sys/2146521769.html,Apple MacBook Pro 17 -,1175,17,2.4,2,320,178.844
dallas,http://dallas.craigslist.org/dal/sys/2146021918.html,"MacBook Pro 17"" Brand New &amp; Lated Model -",1950,17,2.67,4,500,-180.6943
dallas,http://dallas.craigslist.org/dal/sys/2141728053.html,"Apple MacBook Pro 15"" Intel Core 2 Duo 4GB Adobe C s5 MS Office 2011 -",800,10,2.16,4,120,-208.2764
dallas,http://dallas.craigslist.org/dal/sys/2139017366.html,"MacBook White, MacBook Air, &amp; MacBook Pro Brand New -",950,13,2.4,4,250,158.024
dallas,http://dallas.craigslist.org/dal/sys/2136627858.html,MacbooK PRO*MODEL 2010*UNDER GARRANTY UNTIL JULY 2011*2.4GHZ*250GB HDD -,950,13,2.4,4,250,158.024
dallas,http://dallas.craigslist.org/dal/sys/2134065468.html,"Macbook Pro 15"" Perfect Conditions! And Extras for you.... -",1300,10,2.4,2,250,-377.566
dallas,http://dallas.craigslist.org/dal/sys/2133505949.html,2009 macbook pro 13  -,850,13,2.26,2,150,33.1846
dallas,http://dallas.craigslist.org/ndf/sys/2129015645.html,Macbook Pro 13 -,875,13,2.26,4,160,26.0846
dallas,http://dallas.craigslist.org/sdf/sys/2128981672.html,"*STILL AVAIL* 15"" MacBook Pro, 2.4 GHz, 250 GB HDD, 4GB RAM, AppleCare -",1175,15,2.4,4,250,47.684
dallas,http://dallas.craigslist.org/mdf/sys/2126262050.html,Apple MacBook Pro 17 Inch 2.4 GHz - with WARRANTY -,1200,18,2.4,2,160,142.374
dallas,http://dallas.craigslist.org/mdf/sys/2122779198.html,Apple MacBook Pro 17 Unibody Brand New -,995,17,2.66,4,500,762.2886
dallas,http://dallas.craigslist.org/dal/sys/2120260679.html,MacBook Pro -,1000,15,2.2,2,120,-87.158
dallas,http://dallas.craigslist.org/mdf/sys/2105642058.html,MACBOOK PRO ALUMINUM 15 INCH -,1200,15,2.4,4,250,22.684
dallas,http://dallas.craigslist.org/dal/sys/2100802774.html,"MacBook Pro Unibody 15"" -",1500,15,2.8,4,500,310.868
dallas,http://dallas.craigslist.org/dal/sys/2099775543.html,"NEW 15"" Apple Macbook Pro 2.66GHz 4GB i7  -",1925,10,2.66,4,500,-569.0214
dallas,http://dallas.craigslist.org/ndf/sys/2087758298.html,"Apple MacBook Pro 13.3"" LED Notebook - Core 2 Duo 2.40 GHz - Aluminum -",1199,13,2.4,4,250,-90.976
dallas,http://dallas.craigslist.org/dal/sys/2087270814.html,MACBOOK PRO 17IN LED Notebook - Core i5 2.53 GHz -,2300,10,2.53,4,500,-1100.2437
dallas,http://dallas.craigslist.org/ndf/sys/2084788975.html,"Macbook Pro 17""3 .06Ghz processor -",1200,17,3.06,8,500,1065.1726
dallas,http://dallas.craigslist.org/dal/sys/2081445485.html,"MacBook Pro 17""- Priced to sell -",1100,10,2.33,3,185,-282.8357
denver,http://denver.craigslist.org/sys/2147938624.html,"MacBook Pro 13"" 2.53 Ghz 250 GB HD 4GB RAM -",1300,13,2.53,4,250,-35.7537
denver,http://denver.craigslist.org/sys/2147345164.html,"Apple MacBook Pro w/ AppleCare (15"", 4GB, 2.53GHz. 320GB HD) -",1200,15,2.53,4,320,209.0063
denver,http://denver.craigslist.org/sys/2147092388.html,2010 15-inch MacBook Pro -,1300,15,2.53,4,250,78.9063
denver,http://denver.craigslist.org/sys/2146022854.html,"15"" MacBook Pro - 2.4 GHz Core 2 Duo *with Apple Care Warranty* -",999,15,2.4,4,200,202.184
denver,http://denver.craigslist.org/sys/2145285835.html,"Brand New 13"" MacBook Pro(2.4GHz, 8GB DDR3, 500GB HD)+Tons of Software -",1350,10,2.4,8,500,-279.266
denver,http://denver.craigslist.org/sys/2141947937.html,"MacBook Pro 13"" -",1000,13,2.66,4,250,420.4686
denver,http://denver.craigslist.org/sys/2140124503.html,MacBook Pro 2.33Ghz -,900,15,2.33,2,200,203.4643
denver,http://denver.craigslist.org/sys/2139692043.html,Macbook pro 15inch *look like new* -,1300,15,2.53,4,250,78.9063
denver,http://denver.craigslist.org/sys/2139318280.html,"Apple MacBook Pro 2.4GHz, 2GB RAM, 200GB HDD, Like new -",900,15,2.4,2,200,287.584
denver,http://denver.craigslist.org/sys/2138910957.html,2009 MacBook Pro Unibody 15'' 2.4 C2D - 2GB ram 250gb hdd -,1300,15,2.4,2,250,-90.916
denver,http://denver.craigslist.org/sys/2138691366.html,MacBook Pro -,1100,10,2.33,3,500,-147.3857
denver,http://denver.craigslist.org/sys/2138245033.html,"13"" Unibody Macbook Pro w/Apple Care -",800,13,2.26,2,160,87.4846
denver,http://denver.craigslist.org/sys/2138084314.html,"PRICE REDUCED - Apple MacBook Pro 15"" -",775,15,2.2,2,160,155.042
denver,http://denver.craigslist.org/sys/2135395427.html,"13.3"" Macbook Pro - 9.5/10 Condition - 2.4GHz, 4GB RAM, NVIDIA 320M -",950,13,2.4,4,250,158.024
denver,http://denver.craigslist.org/sys/2134117217.html,"15"" Macbook Pro Unibody - 2.53gz 4gbRAM 512mbVid 320gb HD! LIKENEW obo -",1475,15,2.53,4,320,-65.9937
denver,http://denver.craigslist.org/sys/2128489968.html,"Macbook Pro 13 Unibody - MINT, UPGRADED &amp; LOADED !!! -",850,13,2.0,2,500,-128.76
denver,http://denver.craigslist.org/sys/2128081703.html,"Apple Macbook Pro 15"" 500GB 3.06GHz 4GB Gloss Screen 2 Year Apple Care -",1500,15,3.06,4,500,623.3126
denver,http://denver.craigslist.org/sys/2121635574.html,"15"" Macbook Pro Unibody - 2.53ghz 4gb RAM 512Mb Vid 320Gb HD! LIKE NEW -",1600,15,2.53,4,320,-190.9937
denver,http://denver.craigslist.org/sys/2116719142.html,Macbook Pro 2.8GHz i7 512gb SSD 4gb RAM -,2500,10,2.8,4,512,-970.622
denver,http://denver.craigslist.org/sys/2108423566.html,"15"" MacBook Pro RESTORED NEW BY APPLE w/ Snow Leopard!! New HD &amp; Batt! -",1000,10,2.4,2,160,-116.266
denver,http://denver.craigslist.org/sys/2108185297.html,15 in MacBook Pro - 2.2G Core 2 Duo 2Gig Excellent condition -,950,10,2.2,2,120,-323.808
denver,http://denver.craigslist.org/sys/2103589203.html,"13"" MacBook Pro 2.26GHz 2GB DDR3 -",800,13,2.26,2,160,87.4846
denver,http://denver.craigslist.org/sys/2102732912.html,"13"" MacBook Pro -",900,13,2.26,2,160,-12.5154
denver,http://denver.craigslist.org/sys/2102223828.html,"15"" MacBook Pro RESTORED NEW BY APPLE w/ Snow Leopard!! New HD &amp; Batt! -",1100,10,2.4,2,160,-216.266
denver,http://denver.craigslist.org/sys/2100430290.html,"MacBook Pro 13"" - NIB -",1200,13,2.66,4,250,220.4686
denver,http://denver.craigslist.org/sys/2100447880.html,"MacBook Pro 13"" - NIB -",1200,13,2.66,4,250,220.4686
denver,http://denver.craigslist.org/sys/2100176582.html,13 Inch 2.4 Macbook Pro LED Laptop NVIDIA Core 2 Duo With Warranty -,900,15,2.4,4,250,322.684
denver,http://denver.craigslist.org/sys/2097683473.html,"Macbook Pro 17"" 3.06 GHz 8GB of memory -",1200,17,3.06,8,500,1065.1726
denver,http://denver.craigslist.org/sys/2097112707.html,15 inch MacBook Pro for sale-- WILL NOT LAST! -,1500,13,2.4,4,500,-284.476
denver,http://denver.craigslist.org/sys/2096346329.html,"15"" MacBook Pro - 2.53GHz, 250GB, 4G RAM!, MS Office and Adobe CS4!! -",1500,15,2.53,4,250,-121.0937
denver,http://denver.craigslist.org/sys/2093841807.html,"Apple Macbook Pro 15"" (MB986LL/A) 15.4"" 3.06GHz 2 Year Apple Care -",1700,15,3.06,4,500,423.3126
denver,http://denver.craigslist.org/sys/2091413296.html,"MacBook Pro 13"" - 2.53GHz Core 2 Duo; 4GB RAM; 250GB HDD;  -",1049,13,2.53,4,250,215.2463
denver,http://denver.craigslist.org/sys/2086545634.html,"New MacBook Pro 13"" (2.4 GHz, 4GB) -",1445,10,2.4,4,500,-401.466
denver,http://denver.craigslist.org/sys/2083673903.html,2010 APPLE MACBOOK PRO -,1750,15,2.4,4,320,-497.216
denver,http://denver.craigslist.org/sys/2082337864.html,15 Macbook Pro Loaded  -,900,15,2.22,2,150,49.7762
denver,http://denver.craigslist.org/sys/2079178880.html,2010 Apple MacBook Pro -,1750,15,2.4,4,320,-497.216
detroit,http://detroit.craigslist.org/okl/ele/2146068410.html,"Macbook Pro 15.4"" 2.8 GHz 4MB 500GB -",2200,15,2.8,4,500,-389.132
detroit,http://detroit.craigslist.org/okl/sys/2131381333.html,"15"" MacBook Pro -",2600,15,3.06,4,500,-476.6874
detroit,http://detroit.craigslist.org/okl/sys/2130194374.html,2010 MacBook pro 13' with 256gb SSD drive + 8gb ram -,1700,13,2.4,8,256,-562.196
detroit,http://detroit.craigslist.org/mcb/sys/2129071113.html,"MACBOOK PRO, BEST DEAL AROUND -",1300,15,2.5,4,250,42.855
detroit,http://detroit.craigslist.org/okl/sys/2112123640.html,"15"" MacBook Pro NIB unopened w/ many extras -",2200,15,2.66,8,256,-635.0914
detroit,http://detroit.craigslist.org/okl/sys/2110709792.html,"Macbook Pro 15"" 2 months old -",2000,10,2.67,4,500,-632.0043
detroit,http://detroit.craigslist.org/wyn/sys/2088162893.html,"17"" Unibody MacBook Pro -",1800,17,2.66,8,250,-123.0114
detroit,http://detroit.craigslist.org/mcb/sys/2080902224.html,"MacBook Pro (MC665LL/A) (17"",  i7 2.66GHz, 500GB, 8GB RAM) -",2250,10,2.66,8,500,-866.8214
detroit,http://detroit.craigslist.org/wyn/sys/2078955629.html,MACBOOK PRO 15 ALUMINUM MINT -,1075,15,2.4,2,260,138.384
detroit,http://detroit.craigslist.org/okl/sys/2075969136.html,"Macbook Pro 15"" 4GB ram 2.5GHz -",1300,15,2.5,4,250,42.855
houston,http://houston.craigslist.org/sys/2144067025.html,"13"" MacBook Pro Unibody (will negotiate for lower price) -",1250,10,2.4,2,250,-327.566
houston,http://houston.craigslist.org/sys/2141798322.html,for sale Macbook pro 2.53GHZ 4gb Ram 500gb hd -,950,10,2.53,4,500,249.7563
houston,http://houston.craigslist.org/sys/2140186191.html,Late 2010 Macbook Pro 13' 2.66GHZ/500GB/4 GB RAM with extras -,1285,10,2.66,4,500,70.9786
houston,http://houston.craigslist.org/sys/2138698934.html,i5 core 15.4inch MacBook pro Unibody AppleCare till June 2013 -,1640,15,2.4,4,320,-387.216
houston,http://houston.craigslist.org/sys/2138618647.html,"15"" Unibody Macbook Pro (Mid-2009) -",1500,15,3.06,4,500,623.3126
houston,http://houston.craigslist.org/sys/2136203648.html,i5 core 15inch MacBook pro unibody 4gb RAM apple care till June 2013 -,1645,15,2.4,4,320,-392.216
houston,http://houston.craigslist.org/sys/2134601996.html,i5 core 15inch MacBook pro unibody 4gb RAM apple care till June 2013 -,1645,15,2.67,4,320,-67.7543
houston,http://houston.craigslist.org/sys/2127756273.html,"13"" Macbook Pro, 2.53Ghz**4Gb**500Gb**Final Cut Pro**Pro Tool**CS5 -",1099,10,2.53,4,500,100.7563
houston,http://houston.craigslist.org/sys/2127312136.html,"15"" Macbook Pro Unibody, 4Gb**Final Cut Pro**Logic Pro**Pro Tools**CS5 -",1299,10,2.4,4,250,-362.966
houston,http://houston.craigslist.org/sys/2127078372.html,"NEW 13"" Macbook Pro 2.53Ghz**8Gb**750Gb**Final Cut Pro**Pro Tools**CS5 -",1299,10,2.53,8,750,35.4563
houston,http://houston.craigslist.org/sys/2125896296.html,NEW Macbook Pro Unibody 500Gb**Final Cut Pro**Logic Pro**Pro Tool**CS5 -,1099,10,2.53,4,500,100.7563
houston,http://houston.craigslist.org/sys/2120330730.html,"Macbook Pro 15"" Unibody 2.53GHz 250GB HDD 4GB RAM -",1150,13,2.53,4,250,114.2463
houston,http://houston.craigslist.org/sys/2117265116.html,"Macbook Pro 17"" T9900 8GB RAM 3.06 GHz  -",1200,17,3.06,8,500,1065.1726
houston,http://houston.craigslist.org/sys/2117144251.html,"Apple Macbook Pro 15"" 2.8Ghz/4GB/128GB SSD -",1200,15,2.8,4,128,450.908
houston,http://houston.craigslist.org/sys/2116864870.html,"Macbook Pro 13"" 4gigs of Memory -",860,13,2.26,4,160,41.0846
houston,http://houston.craigslist.org/sys/2111158295.html,"Apple MacBook Pro 13"", 2.66GHZ Dual Core, 320GB, like-new! -",1250,13,2.66,4,320,200.5686
houston,http://houston.craigslist.org/sys/2108296184.html,"15"" Macbook Pro Unibody 4Gb**500Gb**Office 11**Pro Tool**CS5**Warranty -",1199,10,2.53,4,500,0.7563
houston,http://houston.craigslist.org/ele/2107693850.html,**15 Macbook Pro** $1700 FIRM -,1700,15,2.67,4,500,-45.3543
houston,http://houston.craigslist.org/ele/2106245270.html,"New 15"" Macbook Pro -",1900,15,2.53,4,500,-413.5937
houston,http://houston.craigslist.org/sys/2101369676.html,Brandnew Macbook PRO 15' -,1750,15,2.4,4,320,-497.216
houston,http://houston.craigslist.org/sys/2100775599.html,"Macbook Pro 15.4"" 2.8ghz -",1800,15,2.8,4,500,10.868
houston,http://houston.craigslist.org/sys/2099247915.html,"Used Apple MacBook Pro 17"" Matt (just like new)  -",1500,10,2.4,4,500,-456.466
houston,http://houston.craigslist.org/sys/2098989881.html,brand new sealed 2010 Apple Macbook Pro 13in  -,1080,13,2.4,4,250,28.024
houston,http://houston.craigslist.org/sys/2095486514.html,"Macbook Pro 15.4"" 2.8ghz -",1800,15,2.8,4,500,10.868
houston,http://houston.craigslist.org/sys/2093134563.html,Macbook Pro 15 2.66Ghz i7 8GB HD Hi-Res -,2600,10,2.66,8,500,-1216.8214
houston,http://houston.craigslist.org/sys/2090223601.html,Macbook Pro 15.4 -,2600,15,2.8,4,500,-789.132
houston,http://houston.craigslist.org/sys/2087890781.html,"Macbook Pro 15.4"" 2.8ghz -",2600,15,2.8,4,500,-789.132
houston,http://houston.craigslist.org/sys/2087373272.html,"Macbook Pro 15"" Excellent Condition -",1000,15,2.66,4,320,565.2286
houston,http://houston.craigslist.org/sys/2086696609.html,Macbook Pro 17 -,1500,17,2.93,4,640,641.9503
houston,http://houston.craigslist.org/sys/2083066248.html,Macbook Pro Late 2008 MB470LL/A -,1200,15,2.4,4,250,22.684
houston,http://houston.craigslist.org/sys/2080572546.html,"&#9658;&#9658;Brand NEW&#9658;&#9658;  APPLE MacBook PRO  &#9658;15.4""&#9658; -",1004,15,2.66,4,500,638.6286
houston,http://houston.craigslist.org/sys/2076022893.html,"15"" Macbook Pro, 4Gb**500Gb**Final Cut Pro**Logic Pro**Pro Tools**CS5 -",999,15,2.4,4,500,331.184
lasvegas,http://lasvegas.craigslist.org/sys/2145632337.html,"Macbook Pro 15 Inch, New -",1620,15,2.4,4,320,-367.216
lasvegas,http://lasvegas.craigslist.org/sys/2145356856.html,"Macbook Pro 13"" 2010 Like New, Upgraded -",1200,13,2.4,4,120,-147.876
lasvegas,http://lasvegas.craigslist.org/sys/2140268561.html,"GOOD TILL 1/6/11 BRAND NEW IN BOX MACBOOK PRO i7, 15"" LCD SNOW LEOPARD -",1900,15,2.66,4,500,-257.3714
lasvegas,http://lasvegas.craigslist.org/sys/2136520107.html,"MacBook Pro 17"" 2.16GHz Intel Core Duo -",900,17,2.16,2,100,70.8336
lasvegas,http://lasvegas.craigslist.org/sys/2134837207.html,"NEW MACBOOK PRO IN SEALED BOX17"" INTEL CORE i5 PROCESSOR -",1850,17,2.67,4,500,-80.6943
lasvegas,http://lasvegas.craigslist.org/sys/2130894375.html,"17"" silver macbook pro like new with apple pro protection plan  -",950,17,2.6,2,320,644.186
lasvegas,http://lasvegas.craigslist.org/ele/2116979924.html,Apple MacBook Pro 2.53Ghz 15 inch Unibody * iLife 2011 * Like NEW! -,1300,10,2.53,4,250,-207.7437
lasvegas,http://lasvegas.craigslist.org/sys/2116968007.html,Apple MacBook Pro 2.53Ghz 15 inch ' Unibody newer model ' like NEW! -,1300,10,2.53,4,250,-207.7437
lasvegas,http://lasvegas.craigslist.org/sys/2111218415.html,Apple MacBook pro laptop for sale 2.4Ghz 15inch with Sbow Leopard! -,950,10,2.4,4,160,-52.666
lasvegas,http://lasvegas.craigslist.org/sys/2110391778.html,"7200RPM Macbook Pro 17"" -",1200,17,3.06,8,500,1065.1726
lasvegas,http://lasvegas.craigslist.org/ele/2109224714.html,Apple Macbook Pro 2.4Ghz Intel ' iLife 2011 ' iWork 09 ' Office +MORE! -,950,10,2.4,4,160,-52.666
lasvegas,http://lasvegas.craigslist.org/sys/2105824690.html,New Macbook Pro -,1800,10,2.4,4,320,-833.866
lasvegas,http://lasvegas.craigslist.org/sys/2101296162.html,"New 17"" Apple MacBook Pro -",1500,17,2.53,4,500,101.0663
lasvegas,http://lasvegas.craigslist.org/sys/2098960370.html,MacBook Pro i5 -,1800,13,2.4,4,320,-661.876
lasvegas,http://lasvegas.craigslist.org/sys/2090846396.html,"MacBook Pro(MC372LL/A),2.53GHz,4GB,500GB,i5,15""Software -",1000,15,2.53,4,500,486.4063
lasvegas,http://lasvegas.craigslist.org/sys/2088834527.html,"2007 MacBook Pro 17"" -",860,17,2.4,2,160,425.044
lasvegas,http://lasvegas.craigslist.org/sys/2084761711.html,"17"" MacBook Pro in perfect condition -",1200,17,3.06,8,500,1065.1726
lasvegas,http://lasvegas.craigslist.org/sys/2083248968.html,"MACBOOK PRO 17"" LIKE NEW 4GB RAM ANTIGLARE SCREEN! SUPER NICE -",875,17,2.33,4,250,378.2243
lasvegas,http://lasvegas.craigslist.org/sys/2082736899.html,"MACBOOK PRO 17"" LIKE NEW INTEL CORE 2 DUO 4GB RAM 250GB HD -",875,17,2.33,4,250,378.2243
losangeles,http://losangeles.craigslist.org/wst/sys/2147986811.html,MacBook Pro 15&rdquo; 2.4Ghz Core 2 Duo  -,850,10,2.4,5,160,54.134
losangeles,http://losangeles.craigslist.org/lac/sys/2147985354.html,"UNIBODY MacBook Pro 13"" 2.53GHz 500GB 4GB RAM Music * Video * Design - -",1250,10,2.53,4,500,-50.2437
losangeles,http://losangeles.craigslist.org/sgv/sys/2147962407.html,Macbook Pro -,1200,10,2.4,2,200,-299.066
losangeles,http://losangeles.craigslist.org/sfv/sys/2147856380.html,MacBook Pro 15&rdquo; 2.4Ghz Core 2 Duo -,850,10,2.4,2,150,29.434
losangeles,http://losangeles.craigslist.org/wst/sys/2147594520.html,"MacBook Pro Unibody 2.53 13"" 4GIG DDR3  500.11 GB HD mint  -",1150,13,2.53,4,500,221.7463
losangeles,http://losangeles.craigslist.org/wst/sys/2147362420.html,Macbook Pro 15 -,850,10,2.4,5,160,54.134
losangeles,http://losangeles.craigslist.org/sfv/sys/2147470833.html,MacBook Pro 13' Unibody -,800,13,2.26,2,160,87.4846
losangeles,http://losangeles.craigslist.org/lac/sys/2147288212.html,"17"" Macbook Pro 2.33GHZ: Final Cut Pro 7, Adobe CS5, Logic 9, More!! -",1000,17,2.33,2,500,347.1243
losangeles,http://losangeles.craigslist.org/lac/sys/2147275247.html,"17"" Macbook Pro 2.66GHZ Unibody - Applecare, 6GB, 500GB HD, SuperFast! -",1600,17,2.66,6,500,170.8886
losangeles,http://losangeles.craigslist.org/sfv/sys/2147047927.html,17 Macbook Pro -,1700,17,2.6,4,320,-92.214
losangeles,http://losangeles.craigslist.org/lac/sys/2146989003.html,15 in MacBook Pro w/ tons of photo/video software -,1100,15,2.4,4,160,83.984
losangeles,http://losangeles.craigslist.org/lac/sys/2146939661.html,Apple Laptop Unibody MacBook Pro 2.8GHz/4GB/500GB/Warranty -,1499,10,2.8,4,500,25.218
losangeles,http://losangeles.craigslist.org/wst/sys/2146920721.html,MACBOOK PRO UNIBODY 2.66 GHZ BOUGHT ON 11/08/10 -,1300,11,2.66,4,320,35.9086
losangeles,http://losangeles.craigslist.org/sgv/sys/2146905056.html,New Dell XPS 730 With Many Upgrades For Sale or Trade for Macbook Pro -,2000,10,3.0,8,750,-100.74
losangeles,http://losangeles.craigslist.org/lac/for/2146893937.html,"MacBook Pro 15"" 2.66 Core i7 500HD 4g ram  -",2000,15,2.53,4,500,-513.5937
losangeles,http://losangeles.craigslist.org/wst/sys/2146843780.html,"15"" MacBook Pro 2.2GHz (4GB RAM!) -",1000,10,2.2,4,120,-360.208
losangeles,http://losangeles.craigslist.org/sfv/ele/2146830394.html,Brand New Apple MacBook Pro MC371LL/A 15.4-Inch Laptop LATEST MODEL -,1700,15,2.4,4,320,-447.216
losangeles,http://losangeles.craigslist.org/wst/sys/2146187909.html,=====MACBOOK PRO 13 INCH 2.66GHz===BRAND NEW===HAVE TONS===CALL NOW=== -,1499,13,2.66,8,120,-107.2314
losangeles,http://losangeles.craigslist.org/sgv/sys/2145694002.html,MacBook Pro 500 GB -4GB ram  -,1100,13,2.26,4,500,-52.7154
losangeles,http://losangeles.craigslist.org/sgv/sys/2145241700.html,BRAND NEW MACBOOK PRO!! -,1100,12,2.4,4,250,-49.306
losangeles,http://losangeles.craigslist.org/wst/sys/2145171477.html,15 inch Macbook Pro  2.33 Ghz  camera  wreless software warranty -,825,10,2.33,2,120,-42.5857
losangeles,http://losangeles.craigslist.org/lac/sys/2145084334.html,"13"" Apple Macbook Pro for sale, Like New, Great Condition -",1050,13,2.4,4,250,58.024
losangeles,http://losangeles.craigslist.org/sfv/sys/2144985202.html,Apple MacBook Pro i5 17 -,2049,17,2.53,4,500,-447.9337
losangeles,http://losangeles.craigslist.org/sfv/sys/2144976742.html,MacBook Pro i5 pr 500 GB Brand NEW -,1799,15,2.53,4,500,-312.5937
losangeles,http://losangeles.craigslist.org/wst/sys/2144908317.html,&gt;&gt;&gt; 17 inch MacBook Pro for SALE!! &lt;&lt;&lt; -,995,10,2.16,2,320,-330.8764
losangeles,http://losangeles.craigslist.org/lac/sys/2144907449.html,2010 Loaded Macbook Pro 2.66ghz i7 1TB HD 8gb ram + 2TB external +  -,2560,15,2.66,8,208,-1015.7314
losangeles,http://losangeles.craigslist.org/sgv/sys/2144044726.html,"Brand new Macbook Pro! 13"" -",1100,13,2.53,4,500,271.7463
losangeles,http://losangeles.craigslist.org/wst/sys/2144038134.html,"UNIBODY MacBook Pro 13"" 2.53GHz 500GB 4GB RAM Music * Video * Design -",1250,10,2.53,4,500,-50.2437
losangeles,http://losangeles.craigslist.org/lgb/sys/2143999365.html,"15"" macbook pro -",1500,14,2.53,4,500,-70.9237
losangeles,http://losangeles.craigslist.org/wst/sys/2143903996.html,"Apple Macbook Pro - 13"" in great condition, like new -",1100,13,2.4,4,250,8.024
losangeles,http://losangeles.craigslist.org/wst/sys/2143710342.html,"17"" Apple Macbook Pro 2.6Ghz Core 2 Duo with AppleCare  -",1020,10,2.6,2,200,121.276
losangeles,http://losangeles.craigslist.org/sfv/sys/2143642236.html,"Apple 15.4"" MacBook Pro Intel Core i5 2.53GHz, 4GB RAM,320GB Hard Dri -",1400,15,2.53,4,320,9.0063
losangeles,http://losangeles.craigslist.org/wst/sys/2143587484.html,"UNIBODY MacBook Pro 13"" 2.53GHz 4GB RAM 500GB Music * Video * Design  -",1250,10,2.53,4,500,-50.2437
losangeles,http://losangeles.craigslist.org/wst/sys/2143407978.html,"APPLE MACBOOK PRO - EXCELLENT CONDITION, INCLUDES ORIGINAL BOX! -",850,13,2.2,2,160,-34.618
losangeles,http://losangeles.craigslist.org/wst/sys/2143022753.html,"Apple Macbook Pro 13"" - Like New and In Great Condition -",1100,13,2.4,4,250,8.024
losangeles,http://losangeles.craigslist.org/sfv/sys/2142721036.html,"NEW MacBook Pro Laptops 13"" &amp; 15"" &amp; Apple 21.5"" iMacs -",1300,13,2.66,4,320,150.5686
losangeles,http://losangeles.craigslist.org/sgv/sys/2142700476.html,macbook pro 13 2.4 ghz 4gb ram + extras -,1150,13,2.4,4,250,-41.976
losangeles,http://losangeles.craigslist.org/lac/sys/2142698344.html,Apple MacBook PRO 15 inch - EXCELLENT condition -,1050,10,2.5,4,500,113.705
losangeles,http://losangeles.craigslist.org/wst/sys/2142577235.html,"Apple 17"" Macbook Pro 2.6Ghz Core 2 Duo -",1200,10,2.6,4,200,-45.124
losangeles,http://losangeles.craigslist.org/sgv/sys/2142421701.html,Brand New Apple MacBook Pro MC372LL/A -,1750,15,2.53,4,500,-263.5937
losangeles,http://losangeles.craigslist.org/sfv/ele/2141993891.html,Brand New Apple MacBook Pro MC371LL/A 15.4-Inch Laptop LATEST MODEL -,1730,15,2.4,4,320,-477.216
losangeles,http://losangeles.craigslist.org/sgv/sys/2141903511.html,2010 macbook pro 13 extended applecare/EXTRAS -,1200,13,2.4,4,250,-91.976
losangeles,http://losangeles.craigslist.org/sfv/sys/2141863866.html,17 Inch Macbook Pro -,1700,17,2.6,4,320,-92.214
losangeles,http://losangeles.craigslist.org/lgb/sys/2141810285.html,15in MacBook Pro Core 2 Duo anti-glare screen -,1700,15,2.66,4,500,-57.3714
losangeles,http://losangeles.craigslist.org/lac/sys/2141712353.html,Apple MacBook Pro 15 inch 2.5GHz C2D/2GB/250GB/OS 10.5 -,900,10,2.5,2,250,142.605
losangeles,http://losangeles.craigslist.org/lac/sys/2141388956.html,"2.2 GHz macbook pro, 500 GB HD, 2GB ram -",1500,15,2.2,2,500,-423.758
losangeles,http://losangeles.craigslist.org/sfv/sys/2140661367.html,Apple MacBook Pro 2.4 GHz Core 2 Duo With LED Screen Laptop -,850,15,2.4,2,250,359.084
losangeles,http://losangeles.craigslist.org/sgv/sys/2140120789.html,"MacBook Pro- 500 GB - 4GB ram, -",1150,13,2.26,4,500,-102.7154
losangeles,http://losangeles.craigslist.org/lac/sys/2139974077.html,Macbook Pro 15-Inch Laptop For Sale! -,1250,15,2.53,4,320,159.0063
losangeles,http://losangeles.craigslist.org/lac/sys/2137799127.html,Apple 13 inch Macbook Pro package with many accessories -,1150,13,2.26,4,320,-180.1154
losangeles,http://losangeles.craigslist.org/lac/sys/2137146049.html,Apple MacBook PRO 15 inch - EXCELLENT condition -,1050,10,2.6,4,500,233.876
miami,http://miami.craigslist.org/pbc/sys/2148171740.html,"Brand New Sealed 15"" i5 2.53/4gb/500gb MacBook Pro with warranty -",1750,15,2.67,4,500,-95.3543
miami,http://miami.craigslist.org/pbc/sys/2147827228.html,Apple MacBook Pro 15 inch 2.33GHz 320GB -,899,15,2.33,3,320,262.8643
miami,http://miami.craigslist.org/pbc/sys/2147819747.html,Apple MacBook Pro 15 inch 2.8GHz 500GB Unibody -,1379,15,2.8,4,500,431.868
miami,http://miami.craigslist.org/pbc/sys/2145630417.html,"2010 Macbook Pro 13"" 2.4GHz 4GB RAM 500GB HDD ...NEWEST MODEL!!! -",1100,13,2.4,4,500,115.524
miami,http://miami.craigslist.org/pbc/sys/2144980171.html,"Brand New Sealed MacBook Pro 15"" i5 2.53/4gb/500gb -",1650,15,2.67,4,500,4.6457
miami,http://miami.craigslist.org/mdc/sys/2144434376.html,"Macbook Pro 17"" with Extras! -",1550,17,2.6,4,250,27.686
miami,http://miami.craigslist.org/pbc/sys/2144309866.html,Macbook pro 13 SD-Card Slot -,900,13,2.26,4,165,3.2346
miami,http://miami.craigslist.org/mdc/sys/2143203588.html,"Apple MacBook Pro 15"" i7,2.66GHz,8GB,1,000GB -",1050,15,2.66,8,0,404.8286
miami,http://miami.craigslist.org/pbc/sys/2142740205.html,"13.3"" MacBook Pro LED 2.4GHz 4GB 250GB Model #MC374LL/A -",920,13,2.4,4,250,188.024
miami,http://miami.craigslist.org/brw/sys/2141455783.html,"Macbook Pro 17"" -",1100,10,2.4,4,160,-202.666
miami,http://miami.craigslist.org/mdc/sys/2138589574.html,MacBook pro -,1200,13,2.66,4,320,250.5686
miami,http://miami.craigslist.org/mdc/sys/2136385760.html,Apple MacBook Pro 15.4-Inch Laptop -,1450,15,2.53,4,320,-40.9937
miami,http://miami.craigslist.org/pbc/sys/2136279592.html,macbook pro 15 unibody 1250 -,1250,10,2.4,3,500,-213.266
miami,http://miami.craigslist.org/mdc/sys/2135560355.html,"UPGRADED MacBook Pro 15.4"" in PEAK CONDITION -",1500,15,2.5,2,500,-63.245
miami,http://miami.craigslist.org/mdc/sys/2135534439.html,MacBook pro -,1200,13,2.66,4,320,250.5686
miami,http://miami.craigslist.org/mdc/sys/2133904589.html,MacBook pro -,1200,13,2.66,4,320,250.5686
miami,http://miami.craigslist.org/mdc/sys/2133896638.html,New MacBook pro -,1200,13,2.66,4,320,250.5686
miami,http://miami.craigslist.org/mdc/sys/2132195170.html,"UPGRADED MacBook Pro 15.4"" in PEAK CONDITION -",1500,15,2.5,2,500,-63.245
miami,http://miami.craigslist.org/mdc/sys/2130290469.html,"MacBook Pro 15.4"" in Peak condition for SALE to LOCALS -",1650,15,2.5,2,500,-213.245
miami,http://miami.craigslist.org/brw/sys/2126702331.html,****Apple MacBook Pro Laptop**** -,1650,15,2.4,4,320,-397.216
miami,http://miami.craigslist.org/mdc/ele/2124164360.html,MacBook PRO 15' NEW IN BOX -,1500,15,2.53,4,500,-13.5937
miami,http://miami.craigslist.org/mdc/sys/2123181225.html,"Apple MacBook Pro 15"" -",1399,15,2.2,4,250,-416.658
miami,http://miami.craigslist.org/mdc/mob/2121852401.html,MacBook pro -,1200,13,2.66,4,320,250.5686
miami,http://miami.craigslist.org/mdc/wan/2121699358.html,MacBook pro -,1200,13,1.66,4,320,-951.1414
miami,http://miami.craigslist.org/brw/sys/2120992283.html,"MacBook Pro 15"" 2.4GHz Late 2008 -",1300,15,2.4,2,250,-90.916
miami,http://miami.craigslist.org/brw/sys/2120483256.html,Nice Macbook Pro 15 Laptop(Aluminum) Great--obo -,1100,15,2.5,4,500,350.355
miami,http://miami.craigslist.org/mdc/sys/2114949907.html,"LIKE NEW ! 13"" MACBOOK PRO UNIBODY PREINSTALLED SOFTWARE! 4GB RAM -",1600,13,2.4,4,250,-491.976
miami,http://miami.craigslist.org/mdc/sys/2114221527.html,"MACBOOK PRO 15"" i7 2.66GHz-500gb HD- 4GB Ram+Speck Skin -",2000,15,2.66,4,500,-357.3714
miami,http://miami.craigslist.org/mdc/sys/2111567384.html,17 inch Apple Macbook Pro -,950,10,2.4,4,640,153.734
miami,http://miami.craigslist.org/brw/sys/2110931552.html,Like new  macbook pro 17 -,1500,10,2.8,4,500,24.218
miami,http://miami.craigslist.org/mdc/sys/2109499492.html,"macbook pro 15.4"" -",895,15,2.2,2,120,17.842
miami,http://miami.craigslist.org/brw/sys/2109379168.html,Mac Daddy 17inch Macbook Pro -,1100,17,2.4,4,640,405.044
miami,http://miami.craigslist.org/pbc/sys/2105709217.html,Macbook pro 13  -,900,13,2.26,4,160,1.0846
miami,http://miami.craigslist.org/mdc/sys/2104352906.html,apple macbook pro _NEW -,1785,15,2.4,4,320,-532.216
miami,http://miami.craigslist.org/mdc/sys/2104325715.html,"apple macbook pro 15.4"" -",900,15,2.2,2,120,12.842
miami,http://miami.craigslist.org/mdc/sys/2102932766.html,apple Macbook pro -,900,15,2.2,2,120,12.842
miami,http://miami.craigslist.org/mdc/sys/2101121201.html,apple macbook pro NEW  -,1785,13,2.4,4,320,-646.876
miami,http://miami.craigslist.org/pbc/sys/2100522531.html,"MacBook Pro 17"" i5 2.53 GHZ NEWEST MODEL 8GB  RAM 1 MONTH OLD!!!! -",1700,17,2.53,8,500,-71.7337
miami,http://miami.craigslist.org/brw/sys/2100235579.html,MacBook pro -,1200,13,2.66,4,320,250.5686
miami,http://miami.craigslist.org/mdc/sys/2100012274.html,Apple macbook pro like NEW -,900,15,2.2,2,120,12.842
miami,http://miami.craigslist.org/mdc/sys/2098842374.html,New MacBook Pro 13 -,1200,13,2.4,4,250,-91.976
miami,http://miami.craigslist.org/mdc/sys/2098610830.html,"Apple MacBook Pro 15.4"", 2.53GHz, 250GB, 4GB, SNOW LEOPARD - $1000  -",1000,15,2.53,4,250,378.9063
miami,http://miami.craigslist.org/mdc/sys/2097932365.html,"NEW MODEL Macbook PRO 15"" Aluminum-Unibody~~NEW NEW -",1200,15,2.66,4,500,442.6286
miami,http://miami.craigslist.org/mdc/sys/2097585762.html," T9900 8GB RAM Macbook Pro 17""  -",1200,17,3.06,8,500,1065.1726
miami,http://miami.craigslist.org/pbc/sys/2095874096.html,"MACBOOK PRO 17"" 2.53GHZ NEWEST MODEL WITH 8GB RAM 1 MONTH OLD!!! -",1850,17,2.53,8,500,-221.7337
miami,http://miami.craigslist.org/mdc/sys/2094740052.html,"MacBook Pro core i5 15"" BRAND NEW SEALED!!! -",1500,15,2.4,4,320,-247.216
miami,http://miami.craigslist.org/mdc/sys/2094190309.html,Macbook Pro 13.3 -,1000,13,2.53,4,320,294.3463
miami,http://miami.craigslist.org/mdc/sys/2092172111.html,New MacBook Pro 13 Inch Never Open -,1200,13,2.4,4,250,-91.976
miami,http://miami.craigslist.org/mdc/sys/2088301511.html,Macbook Pro 17 -,1117,17,2.16,0,120,-151.1664
miami,http://miami.craigslist.org/pbc/sys/2085330270.html,"Apple MacBook Pro 17"" 2.6GHz 160GB 256MB VRAM! -",1199,15,2.6,2,160,211.726
miami,http://miami.craigslist.org/brw/sys/2076519539.html,"MacBook Pro 15-inch, AppleCare warranty, 2.4GHz, 4GB RAM -",1400,15,2.4,4,250,-177.316
minneapolis,http://minneapolis.craigslist.org/hnp/sys/2148147977.html,"MacBook Pro 15 inch, 2.66 GHz Core i7 Hi-Res screen -",2000,15,2.66,4,500,-357.3714
minneapolis,http://minneapolis.craigslist.org/dak/sys/2144954301.html,13.3 MacBook Pro -,1200,13,2.4,4,500,15.524
minneapolis,http://minneapolis.craigslist.org/wsh/sys/2144123715.html,"MacBook Pro 17"" - 2.4ghz, 4 gb RAM, 250 gb HD -",950,17,2.4,4,250,387.344
minneapolis,http://minneapolis.craigslist.org/hnp/sys/2143610844.html,Macbook Pro 17 2.5GHz C2D/250GB HDD/4GB Ram/Nvidia8600GT/Superdrive -,1695,17,2.5,4,250,-237.485
minneapolis,http://minneapolis.craigslist.org/hnp/sys/2143060458.html,"Apple MacBook Pro Unibody 17"" HiRes Intel Core i7 2.66Ghz 8GB RAM  -",2200,10,2.66,8,500,-816.8214
minneapolis,http://minneapolis.craigslist.org/hnp/sys/2142070361.html,"15"" macbook pro 2.53ghz 500gb 4gb -",1350,15,2.53,4,500,136.4063
minneapolis,http://minneapolis.craigslist.org/hnp/sys/2138715334.html,"Macbook Pro 13"" in MINT CONDITION -",1000,13,2.26,2,160,-112.5154
minneapolis,http://minneapolis.craigslist.org/hnp/sys/2137594501.html,"MacBook Pro Unibody 2.53GHz, 4GB RAM!!!!!  -",1299,13,2.53,4,250,-34.7537
minneapolis,http://minneapolis.craigslist.org/ram/sys/2131643967.html,"Like new 15.4"" Unibody MacBook Pro, With AppleCare coverage until 2012 -",1799,15,2.53,4,250,-420.0937
minneapolis,http://minneapolis.craigslist.org/hnp/sys/2129272545.html,"NEW 13"" MacBook Pro 2.4GHz 8GB RAM 500GB HD -",1550,13,2.4,8,500,-307.276
minneapolis,http://minneapolis.craigslist.org/hnp/sys/2127554682.html,Macbook Pro -,900,15,2.5,4,250,442.855
minneapolis,http://minneapolis.craigslist.org/dak/sys/2121475344.html,"15"" Macbook Pro -",900,15,2.5,4,500,550.355
minneapolis,http://minneapolis.craigslist.org/dak/sys/2117065912.html,Unibody MacBook Pro 2.4GHz/4 GB/250 GB HDD/AppleCare till 2012 -,1500,10,2.4,4,250,-563.966
minneapolis,http://minneapolis.craigslist.org/hnp/sys/2116408205.html,Apple MacBook Pro 15.4 -,1650,15,2.8,4,500,160.868
minneapolis,http://minneapolis.craigslist.org/hnp/sys/2105535844.html,"2008 MacBook Pro Penryn C2D 2.4Ghz 15"" -",999,10,2.4,0,200,-111.666
minneapolis,http://minneapolis.craigslist.org/hnp/sys/2104538202.html,"-------- Macbook Pro 15"" 2.53 GHz 250GB 4GB RAM Unibody ---------- -",1290,15,2.53,4,250,88.9063
minneapolis,http://minneapolis.craigslist.org/hnp/sys/2098152284.html,"17"" MacBook Pro - Still Like New! -",1400,17,2.33,4,500,-39.2757
minneapolis,http://minneapolis.craigslist.org/hnp/sys/2090067508.html,"Perfect Condition, lots of software Macbook Pro 2.4GHz Core 2 Duo -",1100,10,2.4,2,200,-199.066
newyork,http://newyork.craigslist.org/mnh/sys/2148250951.html,"**MacBook Pro 17"" i7 2010 -",2200,17,2.66,4,500,-442.7114
newyork,http://newyork.craigslist.org/mnh/sys/2148008303.html," Macbook Pro 15"" -w/box complete -",800,15,2.0,2,320,-41.5
newyork,http://newyork.craigslist.org/mnh/sys/2147860506.html," NEW MacBook Pro 2.53GHz 13"" C2D -",1100,13,2.53,4,250,164.2463
newyork,http://newyork.craigslist.org/mnh/sys/2147856586.html,"Macbook Pro 15"" 2.8ghz i7 Hi Res Antiglare 4gb 500gb 7200rpm Brand New -",2450,15,2.8,4,500,-639.132
newyork,http://newyork.craigslist.org/mnh/sys/2147855597.html,15-inch MacBook Pro 2.66GHz Intel Core i7 BRAND NEW IN A BOX -,2050,15,2.66,4,500,-407.3714
newyork,http://newyork.craigslist.org/mnh/sys/2147206519.html,"Macbook Pro 15"" - Final Cut, Pro Tools, Logic, Reason, CS4, Office.... -",1200,15,2.4,4,500,130.184
newyork,http://newyork.craigslist.org/fct/sys/2146876737.html,"Apple MacBook Pro 13"" Unibody 2Ghz 2GB 160GB 256MB -",800,13,2.26,2,160,87.4846
newyork,http://newyork.craigslist.org/mnh/sys/2146549269.html,Awesome Apple Macbook Pro -,1500,10,2.4,4,250,-563.966
newyork,http://newyork.craigslist.org/mnh/sys/2146168368.html,"Macbook Pro 15"" 2.66ghz Unibody 8gb 500gb Loaded -",1550,10,2.66,8,500,-166.8214
newyork,http://newyork.craigslist.org/mnh/sys/2146118079.html,"15"" MacBook Pro - 2.4GHz Core 2 Duo, 4GB RAM -",800,10,2.4,4,200,114.534
newyork,http://newyork.craigslist.org/mnh/sys/2146115909.html,2010 macbook pro 13..4 months old -,950,13,2.4,4,250,158.024
newyork,http://newyork.craigslist.org/que/ele/2145558832.html,"Macbook Pro Intel i7 15"" -",850,15,2.53,8,500,663.6063
newyork,http://newyork.craigslist.org/mnh/sys/2145162395.html,"Macbook Pro - Final Cut, Logic, Reason, Pro Tools, CS5, Office 2011... -",1200,13,2.4,4,200,-113.476
newyork,http://newyork.craigslist.org/mnh/sys/2144901271.html,"MacBook Pro 17"" 2010 i7 -",2500,17,2.66,4,500,-742.7114
newyork,http://newyork.craigslist.org/wch/sys/2144504583.html,"15"" Macbook Pro 2.53Ghz -",1000,15,2.53,4,250,378.9063
newyork,http://newyork.craigslist.org/mnh/sys/2144419161.html,"Apple Macbook Pro 17"" 2.4Ghz 4GB 500GB New battery, charger, drive! -",1299,17,2.4,4,500,145.844
newyork,http://newyork.craigslist.org/lgi/sys/2143828509.html,"Brand New MacBook Pro 17""( sealed box) -",1950,10,2.53,4,500,-750.2437
newyork,http://newyork.craigslist.org/mnh/sys/2143762268.html,"MacBook Pro: 15"", Aluminium Body, Excellent Condition -",1600,15,2.8,4,128,50.908
newyork,http://newyork.craigslist.org/brk/sys/2143683300.html,MacBook Pro 15 -,800,10,2.4,4,320,166.134
newyork,http://newyork.craigslist.org/mnh/sys/2143432029.html,"Macbook Pro Unibody 15""  -",1200,10,2.4,0,320,-261.066
newyork,http://newyork.craigslist.org/brk/sys/2143516432.html,"NEW ! Apple Macbook Pro 15.4"" 2.53 GHz Intel Core i5 4 GB / 500 GB HD -",1750,15,2.53,4,500,-263.5937
newyork,http://newyork.craigslist.org/brk/sys/2143481239.html,"MacBook Pro 17 i7 , 2.66GHz , 8GB, 500GB , $2950 IN APPLE ! -",2300,17,2.66,8,500,-515.5114
newyork,http://newyork.craigslist.org/brx/sys/2143370558.html,"Mint  13"" Macbook Pro Unibody 2.4ghz 4gb 250gb-Apple Care til 2012 -",895,10,2.4,4,250,41.034
newyork,http://newyork.craigslist.org/que/ele/2143264916.html,"Macbook Pro 17"" i7 2.66Ghz 4GB RAM, 500GB -",1300,10,2.66,4,500,55.9786
newyork,http://newyork.craigslist.org/brk/sys/2143110383.html,Brand New SEALED In Box Apple Macbook Pro 13'' *2010 Model* -,1050,13,2.4,4,250,58.024
newyork,http://newyork.craigslist.org/que/sys/2142625975.html,"*BRAND NEW* Macbook Pro 15 (Sealed in Box) - 2.66GHz, i7, 4gb/500gb hd -",2050,15,2.66,4,500,-407.3714
newyork,http://newyork.craigslist.org/brk/sys/2142238197.html,"MacBook Pro 15"" - Like New In Box -",820,15,2.2,2,120,92.842
newyork,http://newyork.craigslist.org/brk/sys/2142009436.html,Macbook Pro 15'' *Brand New Sealed In Box* 2.66 Ghz i7 4gb 500gb!!! -,1850,15,2.66,4,500,-207.3714
newyork,http://newyork.craigslist.org/que/ele/2141584677.html,"Used Unibody Macbook Pro 15""  -",1075,15,2.53,4,500,411.4063
newyork,http://newyork.craigslist.org/mnh/sys/2141170735.html,"Apple 15"" Macbook Pro 2.8GHZ 500GB HD 4GB RAM LOADED -",1950,15,2.8,4,500,-139.132
newyork,http://newyork.craigslist.org/brk/sys/2140967194.html,17 inch i5 2.53GHz. MacBook Pro 2010 Model! Pro Tools HD 9 and More!! -,1700,17,2.53,4,500,-98.9337
newyork,http://newyork.craigslist.org/brk/ele/2140696851.html,"Used MacBook Pro 17inch, Unibody 500GB 4GB Ram Core 2 Duo &lt;&gt; More -",1500,17,2.8,4,500,425.528
newyork,http://newyork.craigslist.org/brx/ele/2140520125.html,Apple Macbook pro 500gb hd!! wow -,850,15,2.2,2,500,226.242
newyork,http://newyork.craigslist.org/que/sys/2140429135.html,MACBOOK PRO 15 -,900,10,2.4,4,320,66.134
newyork,http://newyork.craigslist.org/mnh/sys/2140309326.html,"13"" MacBook (Pro) - like new, 2.4ghz, 4gb ram, 320gb hd, adobe cs5 -",900,13,2.4,4,320,238.124
newyork,http://newyork.craigslist.org/mnh/sys/2140227100.html,MacBook Pro 15 i5-2.4GHz-4GB +MS Office 2011 +3 YRS of Apple Warranty -,1875,15,2.4,4,320,-622.216
newyork,http://newyork.craigslist.org/lgi/sys/2140195534.html,Brand New MacBook Pro 17 -,1950,10,2.53,4,500,-750.2437
newyork,http://newyork.craigslist.org/brx/sys/2140024294.html,macbook pro newest model  15in 2.4 250gb SLightly obo -,1240,15,2.4,4,250,-17.316
newyork,http://newyork.craigslist.org/brk/sys/2139961076.html,17 inch i5 2.53GHz. MacBook Pro 2010 Model! Pro Tools HD 9 and More!! -,1700,17,2.53,4,500,-98.9337
newyork,http://newyork.craigslist.org/brk/sys/2139902127.html,Macbook Pro 15 '' 2010 Unibody *2.66 i7 Processor 500gb HD 4gb* NEW!!! -,1775,15,2.66,4,500,-132.3714
newyork,http://newyork.craigslist.org/brk/sys/2139760554.html,"Macbook Pro 15 '' 2010 Unibody **2.4ghz i5, 320gb HD, 4gb RAM**  -",1470,15,2.4,4,320,-217.216
newyork,http://newyork.craigslist.org/brk/sys/2139632106.html,"MacBook Pro 17 i7 , 2.66GHz , 8GB RAM,500GB ,$2950 IN APPLE ! -",2380,17,2.66,8,500,-595.5114
newyork,http://newyork.craigslist.org/mnh/sys/2139565090.html,"Apple 15"" MacBook Pro -",800,10,2.16,2,120,-221.8764
newyork,http://newyork.craigslist.org/brk/pho/2139466668.html,"Canon 50D Bundle with Macbook Pro 13inch, &amp; More. -",2500,13,2.26,2,160,-1612.5154
newyork,http://newyork.craigslist.org/lgi/sys/2139396201.html,15.4 MacBook Pro 7200rpm 4gb New Battery  -,850,10,2.2,4,200,-175.808
newyork,http://newyork.craigslist.org/mnh/sys/2139289811.html,Apple MacBook Pro 15 -,800,15,2.4,4,200,401.184
newyork,http://newyork.craigslist.org/mnh/sys/2139139223.html,"Apple MacBook Pro 13"" in its box -",1000,10,2.26,2,160,-284.5054
newyork,http://newyork.craigslist.org/brk/sys/2139058232.html,"NEW ! Apple Macbook Pro 15.4"" 2.53 GHz Intel Core i5 4 GB / 500 GB HDD -",1760,15,2.53,4,500,-273.5937
newyork,http://newyork.craigslist.org/mnh/sys/2138694393.html,macbook pro mac book pro13-inch: 2.66GHz -,900,13,2.66,4,320,550.5686
newyork,http://newyork.craigslist.org/que/ele/2138308250.html,MacBook Pro  Intel Core i5 Processor  15.4 Display  4GB Memory -,1600,15,2.67,4,320,-22.7543
newyork,http://newyork.craigslist.org/mnh/sys/2138266366.html,"Apple Macbook Pro 17"" 3.06 ghz Intel C2D + 8gb RAM Matte Screen -",2200,17,3.06,8,320,-12.2274
newyork,http://newyork.craigslist.org/mnh/sys/2137534585.html,MACBOOK PRO 13.3 INCH FOR SELL OR TRADE -,850,13,2.26,2,160,37.4846
newyork,http://newyork.craigslist.org/mnh/sys/2137457601.html,*BRAND NEW SEALED* -- Apple MacBook Pro MC024LL/A 17-Inch Laptop -,2000,10,2.53,4,500,-800.2437
philadelphia,http://philadelphia.craigslist.org/sys/2147808761.html,macbook pro 13 with Adobe CS 4 -,800,13,2.26,2,160,87.4846
philadelphia,http://philadelphia.craigslist.org/sys/2145323093.html,"15"" MacBook Pro 2010 -",1350,10,2.54,4,500,-138.2266
philadelphia,http://philadelphia.craigslist.org/sys/2139719017.html,MACBOOK PRO 08 MODEL -,800,10,2.4,2,500,229.934
philadelphia,http://philadelphia.craigslist.org/ele/2139714120.html,MACBOOK PRO 08 MODEL -,800,10,2.4,2,500,229.934
philadelphia,http://philadelphia.craigslist.org/sys/2139251208.html,Brand New Apple Macbook Pro 13.3 W/WARRANTY- MC374LL/A -,1080,13,2.4,4,250,28.024
philadelphia,http://philadelphia.craigslist.org/sys/2136199067.html,"MacBook Pro 15"" Many OPTIONS -",1000,10,2.33,3,200,-176.3857
philadelphia,http://philadelphia.craigslist.org/sys/2129766644.html,Brand New Apple Macbook Pro 13.3 W/WARRANTY- MC374LL/A  -,1080,13,2.4,4,250,28.024
philadelphia,http://philadelphia.craigslist.org/sys/2126376575.html,"Macbook Pro 15in i5 core 2.4 Ghz, 4GB RAM 320GB HDD -",1750,15,2.4,4,320,-497.216
philadelphia,http://philadelphia.craigslist.org/ele/2124623185.html,"MACBOOK PRO 15"" LATE 08 -",900,10,2.4,2,500,129.934
philadelphia,http://philadelphia.craigslist.org/sys/2123335767.html,Apple MacBook Pro 13 -,900,13,2.26,4,160,1.0846
philadelphia,http://philadelphia.craigslist.org/sys/2119553836.html,"2010 15"" Macbook Pro Core i7 (Updated) -",2400,15,2.66,8,500,-730.1714
philadelphia,http://philadelphia.craigslist.org/sys/2116916875.html,APPLE MacBook Pro 13 + magic mouse + case -,1400,13,2.26,8,500,-325.5154
philadelphia,http://philadelphia.craigslist.org/ele/2109854662.html,MACBOOK PRO 15 -,900,10,2.4,2,500,129.934
philadelphia,http://philadelphia.craigslist.org/for/2102745236.html,**MINT CONDITION*** Macbook Pro 2.3ghz/250g hd/upgraded 6gb RAM -,900,13,2.3,6,250,101.453
philadelphia,http://philadelphia.craigslist.org/sys/2100281457.html,"MacBook Pro 15""-New- 512 GB Solid State Drive - 8GB memory-  -",3000,15,2.66,8,512,-1325.0114
philadelphia,http://philadelphia.craigslist.org/sys/2089663097.html,"15"" Macbook Pro 2.15 GHZ Core 2 ~  w/ new batt, Office 11 CS5 ilife 11 -",800,10,2.15,1,120,-240.6935
philadelphia,http://philadelphia.craigslist.org/sys/2075602963.html,"15"" Apple Macbook Pro 2010/320 gb hdd/4g Ram/2.5 ghz!Like NEw!Trade? -",1200,15,2.5,4,320,172.955
phoenix,http://phoenix.craigslist.org/wvl/sys/2148192249.html,"Apple MacBook Pro 15 15.4 15"" 4gb RAM 2.53ghz Laptop Notebook          -",1000,15,2.53,4,320,409.0063
phoenix,http://phoenix.craigslist.org/evl/sys/2147256514.html,"Apple 15"" Unibody MacBook Pro, Loaded -",1600,10,2.66,4,500,-244.0214
phoenix,http://phoenix.craigslist.org/nph/sys/2146420969.html,Macbook Pro i7 New In The Box -,1900,15,2.53,4,500,-413.5937
phoenix,http://phoenix.craigslist.org/evl/sys/2145738407.html,"2009 MacBook Pro 13"" -",800,10,2.2,2,160,-156.608
phoenix,http://phoenix.craigslist.org/evl/sys/2144374563.html,"Macbook Pro 17"" Laptop -",2100,10,2.66,8,500,-716.8214
phoenix,http://phoenix.craigslist.org/wvl/sys/2140790757.html,"Macbook Pro 15"" Core i5 Mint condition, newest model -",1650,15,2.67,4,320,-72.7543
phoenix,http://phoenix.craigslist.org/evl/sys/2140788741.html,"MacBook Pro (Core i5, 320GB HD, 4GB RAM, 3 Year AppleCare) -",1800,15,2.67,4,320,-222.7543
phoenix,http://phoenix.craigslist.org/wvl/sys/2140359445.html,"2010 Macbook Pro 15 i5, 640GB HDD, 8GB Ram + 3 year Apple Care -",2300,15,2.4,8,640,-882.416
phoenix,http://phoenix.craigslist.org/evl/sys/2139488894.html,Macbook Pro i7 15.4' 4gb ram 500gb HD NIB  -,1900,15,2.53,4,500,-413.5937
phoenix,http://phoenix.craigslist.org/evl/ele/2139145356.html,Macbook Pro i7 15.4 -,1900,15,2.53,4,500,-413.5937
phoenix,http://phoenix.craigslist.org/evl/sys/2136758450.html,"MacBook Pro 15 inch 2.4GHz Intel Core 2 Duo, 4GB RAM, LED, 200GB HD -",985,15,2.4,4,200,216.184
phoenix,http://phoenix.craigslist.org/nph/sys/2135478704.html,"MacBook Pro 15"" 4GB RAM 250GB 2.53GHz Laptop &amp; APPLE CARE -",1300,15,2.53,4,250,78.9063
phoenix,http://phoenix.craigslist.org/cph/sys/2135345336.html,15in Macbook Pro 2.2 GHz 250GB HD -,900,15,2.2,2,250,68.742
phoenix,http://phoenix.craigslist.org/evl/sys/2132268334.html,"Macbook Pro i7 15.4"" NIB  -",1900,15,2.53,4,500,-413.5937
phoenix,http://phoenix.craigslist.org/evl/sys/2132221851.html,MacBook Pro 15 i5 Applecare expires on 2013 -,1800,15,2.4,4,500,-469.816
phoenix,http://phoenix.craigslist.org/nph/sys/2130372666.html,"15"" MacBook Pro - Excellent Condition, Many Extras -",1500,15,2.53,6,320,-77.3937
phoenix,http://phoenix.craigslist.org/wvl/sys/2129449321.html,"MacBook Pro 13"" -",1400,13,2.66,4,500,127.9686
phoenix,http://phoenix.craigslist.org/cph/sys/2128734809.html,NEW MACBOOK PRO 15&quot;  -,1650,15,2.53,4,320,-240.9937
phoenix,http://phoenix.craigslist.org/evl/sys/2128716339.html,"MacBook Pro 15"" (2.4GHz, Core i5, 320GB, 4GB RAM) w/ 3-year AppleCare -",1800,15,2.67,4,320,-222.7543
phoenix,http://phoenix.craigslist.org/evl/sys/2126156479.html,Macbook Pro i7 brand new in the box -,2000,15,2.53,4,500,-513.5937
phoenix,http://phoenix.craigslist.org/evl/sys/2125026761.html,"Apple Aluminum Macbook Pro 13"" -",1200,10,2.53,4,320,-77.6437
phoenix,http://phoenix.craigslist.org/evl/sys/2124900426.html,Macbook Pro 2.66GHz Intel i7 4GB Ram 500GB HD BRAND NEW IN THE BOX -,2000,15,2.66,4,500,-357.3714
phoenix,http://phoenix.craigslist.org/wvl/sys/2123731482.html,"15"" Macbook Pro 2.4GHz i5 320GB 4GB OBO + Applecare -",1800,15,2.4,4,320,-547.216
phoenix,http://phoenix.craigslist.org/wvl/sys/2114743213.html,Apple Macbook Pro 15 Inch LED screen -,825,15,2.4,5,100,339.984
phoenix,http://phoenix.craigslist.org/evl/sys/2110838947.html,"13"" MacBook Pro w/Apple Care -",1200,17,2.26,4,160,-69.5954
phoenix,http://phoenix.craigslist.org/evl/sys/2108067406.html,MacBook Pro 17'' Intel Core 2 Duo -,900,17,2.33,3,320,376.5243
phoenix,http://phoenix.craigslist.org/nph/sys/2101842521.html,"17"" MacBook Pro -",1200,10,2.66,4,256,51.0586
phoenix,http://phoenix.craigslist.org/evl/sys/2098969853.html,MacBook Pro -,1450,15,2.4,2,250,-240.916
phoenix,http://phoenix.craigslist.org/evl/sys/2087515638.html,"15"" MACBOOK  PRO with CORE i7 Processor  -",1600,15,3.06,4,500,523.3126
phoenix,http://phoenix.craigslist.org/evl/sys/2086439843.html,MacBook Pro UniBody *Core i7 @ 3.06GHZ*4GB*500GB* -,1700,10,3.06,4,500,136.6626
phoenix,http://phoenix.craigslist.org/evl/sys/2086425554.html,"17"" WideScreen MACBOOK PRO with CORE i5 PROCESSOR -",1500,10,2.53,4,500,-300.2437
phoenix,http://phoenix.craigslist.org/cph/sys/2085083431.html,"Apple Macbook Pro 15"" (2010 Refresh) -",2200,15,2.53,8,500,-686.3937
phoenix,http://phoenix.craigslist.org/cph/sys/2084758501.html,"3.06 GHz T9900 8GB RAM 500G 7200RPM  Macbook Pro 17"" -",1200,17,3.06,8,500,1065.1726
phoenix,http://phoenix.craigslist.org/evl/sys/2082605920.html,Apple Macbook Pro 17 Inch -,800,10,2.33,2,160,-0.3857
phoenix,http://phoenix.craigslist.org/nph/sys/2080981690.html,MacBook Pro w/ CS4 &amp; Office '08 -,950,14,2.6,2,250,442.096
phoenix,http://phoenix.craigslist.org/nph/sys/2079616589.html,MacBook Pro w/ CS4 &amp; Office '08 -,1200,15,2.4,2,200,-12.416
phoenix,http://phoenix.craigslist.org/nph/ele/2078780509.html,Macbook Pro 15'' w/applecare -,1200,15,2.53,2,500,272.8063
phoenix,http://phoenix.craigslist.org/evl/sys/2076420919.html,13' Macbook Pro. Like New -,950,13,2.4,2,250,144.424
portland,http://portland.craigslist.org/wsc/sys/2146867675.html,2011 Macbook Pro 13.3 New Sealed Unibody 2.4Ghz 4GB DDR3 250GB  -,1050,13,2.4,4,250,58.024
portland,http://portland.craigslist.org/mlt/sys/2146224948.html,Apple Macbook Pro 13 -,870,13,2.26,2,160,17.4846
portland,http://portland.craigslist.org/clc/sys/2145756206.html,"BRAND NEW IN BOX 13.3"" MACBOOK PRO: 2.4 GHz, 4 GB RAM, 250 GB HD -",1099,13,2.4,4,250,9.024
portland,http://portland.craigslist.org/mlt/sys/2145232227.html,"15"" Macbook Pro C2D 2.2Ghz 500GB DualBoot OS + Office2011 + iLife -",835,10,2.2,2,500,-45.408
portland,http://portland.craigslist.org/mlt/sys/2143834813.html,Macbook Pro 15 unibody 2.8 Ghz Core 2 Duo -,1650,15,2.8,4,320,83.468
portland,http://portland.craigslist.org/wsc/sys/2139178044.html,need to sell now! macbook pro with extra software -,1100,13,2.53,4,250,164.2463
portland,http://portland.craigslist.org/mlt/sys/2139134100.html,15 inch Macbook Pro 2.2 ghz 4 gb ram -,1125,10,2.2,4,120,-485.208
portland,http://portland.craigslist.org/wsc/sys/2137779022.html,**MacBook Pro 15 -,1500,10,2.66,4,320,-221.4214
raleigh,http://raleigh.craigslist.org/sys/2142340619.html,"17"" MacBook Pro - good condition, top specs -",950,10,2.4,4,160,-52.666
raleigh,http://raleigh.craigslist.org/sys/2138308680.html,"13"" Macbook pro + EXTRAS -",1350,10,2.53,4,500,-150.2437
raleigh,http://raleigh.craigslist.org/sys/2133696186.html,&#9733;&#9733;Lenovo Thinkpad W500 (sell or trade for 13in unibody Macbook Pro)&amp; -,950,15,2.8,4,300,774.868
raleigh,http://raleigh.craigslist.org/sys/2109710762.html,Macbook Pro -,1000,15,2.4,2,250,209.084
raleigh,http://raleigh.craigslist.org/sys/2097628820.html,"17"" MacBook Pro  3.06 GHz T9900 8GB -",1200,17,3.06,8,500,1065.1726
raleigh,http://raleigh.craigslist.org/sys/2089972978.html,"13inch macbook pro unibody, upgraded to 640 gb hard drive! -",1000,10,2.26,4,640,-64.5054
raleigh,http://raleigh.craigslist.org/ele/2077886492.html,Macbook Pro 2009 -,1600,15,2.4,2,320,-360.816
raleigh,http://raleigh.craigslist.org/sys/2075595441.html,MacBook Pro 2.66GHz Intel Core i7 with AppleCare -,2000,15,2.66,4,500,-357.3714
sacramento,http://sacramento.craigslist.org/sys/2147921792.html,Macbook pro i5 15inches 2.53GHz -,2000,15,2.53,4,500,-513.5937
sacramento,http://sacramento.craigslist.org/sys/2146203181.html,MacBook Pro  -,1300,13,2.66,4,320,150.5686
sacramento,http://sacramento.craigslist.org/sys/2146161147.html,MACBOOK PRO I5 15 INCHES 2.53GHz -,1900,15,2.53,4,500,-413.5937
sacramento,http://sacramento.craigslist.org/ele/2145994350.html,MacBook Pro 17 -,1100,17,2.4,2,160,185.044
sacramento,http://sacramento.craigslist.org/sys/2144750808.html,macbook pro unibody 13 -,800,10,2.26,2,160,-84.5054
sacramento,http://sacramento.craigslist.org/sys/2143902342.html,"13"" Macbook Pro  -",1200,14,2.4,4,320,-4.546
sacramento,http://sacramento.craigslist.org/sys/2143879552.html,"Excellent 15"" MacBook Pro 2.4GHz Snow Leopard 10.6.5 -",1450,10,2.4,2,320,-497.466
sacramento,http://sacramento.craigslist.org/sys/2141383984.html,13-inch MacBook Pro LIKE NEW -,1450,13,2.53,8,500,-51.0537
sacramento,http://sacramento.craigslist.org/sys/2140800304.html,STILL UNOPENED MACBOOK PRO 15.4 -,2100,15,2.66,4,500,-457.3714
sacramento,http://sacramento.craigslist.org/sys/2139327695.html,13.3 MacBook Pro -,1300,13,2.4,4,320,-161.876
