atlanta,http://atlanta.craigslist.org/atl/sys/2147857875.html,MacBook Pro 13 -,950,13,NotFound,4,250
atlanta,http://atlanta.craigslist.org/atl/sys/2146500657.html,"MacBook Pro 5,3 17in Screen SnowLeopard -",2000,17,NotFound,4,NotFound
atlanta,http://atlanta.craigslist.org/atl/sys/2146025603.html,Macbook Pro 1TB -,1200,NotFound,NotFound,4,NotFound
atlanta,http://atlanta.craigslist.org/atl/sys/2143795224.html,MACBOOK PRO 13.3' -,1000,13,NotFound,4,250
atlanta,http://atlanta.craigslist.org/atl/sys/2143621574.html,15 apple MacBook pro -,1200,15,2.53,4,NotFound
atlanta,http://atlanta.craigslist.org/atl/sys/2138867394.html,15 inch Apple MacBook Pro Unibody (2010)   -,1300,15,NotFound,4,300
atlanta,http://atlanta.craigslist.org/atl/wan/2138104790.html,***Wanted ***Macbook Pro 15 or 17 inch -,800,15,NotFound,NotFound,NotFound
atlanta,http://atlanta.craigslist.org/atl/sys/2137878686.html,MacBook pro -,899,15,2.2,NotFound,NotFound
atlanta,http://atlanta.craigslist.org/atl/for/2136564262.html,MacBook PRO -,899,15,2.2,NotFound,NotFound
atlanta,http://atlanta.craigslist.org/atl/sys/2135574613.html,"Macbook Pro 13.3"" -",1050,13,NotFound,4,250
atlanta,http://atlanta.craigslist.org/atl/sys/2134273852.html,"MacBook Pro 15"" -",900,15,2.2,NotFound,NotFound
atlanta,http://atlanta.craigslist.org/atl/sys/2132764059.html,"15"" Apple MacBook Pro Aluminum, 2 GHz Core Duo 2 GB RAM 100 GB HD -",800,NotFound,NotFound,2,100
atlanta,http://atlanta.craigslist.org/atl/sys/2130900148.html,Macbook Pro 15' i7 4mb 500gb  -,1700,15,2.53,NotFound,500
atlanta,http://atlanta.craigslist.org/atl/sys/2123448927.html,Macbook pro 13 unibody  -,1000,13,2.4,4,NotFound
atlanta,http://atlanta.craigslist.org/eat/sys/2122957500.html,"MacBook Pro, 2.53 GHz, 8 GB RAM, AppleCare.  -",1200,10,2.53,8,NotFound
atlanta,http://atlanta.craigslist.org/atl/sys/2122781858.html,Macbook pro 13 unibody + APPLECARE TILL 2013 ~ Office 11/CS5/Final Cut -,1000,13,2.4,4,NotFound
atlanta,http://atlanta.craigslist.org/atl/sys/2117261056.html,Macbook pro 13 unibody + APPLECARE TILL 2013 ~ Office 11/CS5/Final Cut -,1050,13,2.4,4,NotFound
atlanta,http://atlanta.craigslist.org/nat/ele/2116577976.html,Macbook Pro -,800,15,2.16,2,NotFound
atlanta,http://atlanta.craigslist.org/atl/sys/2116284949.html,Macbook Pro latest generation -,1000,13,NotFound,NotFound,NotFound
atlanta,http://atlanta.craigslist.org/atl/sys/2115755041.html,Macbook pro 13 unibody + APPLECARE TILL 2013 ~ Office 11/CS5/Final Cut -,1050,13,2.4,4,NotFound
atlanta,http://atlanta.craigslist.org/atl/sys/2115271004.html,Apple Macbook Pro 13.3 Inch  -,950,13,NotFound,4,250
atlanta,http://atlanta.craigslist.org/atl/sys/2113573653.html,"Macbook Pro 15"" I7, 2.66ghz, 4g ram, 500gb HDD Brand New Unopened Box -",2000,15,2.66,NotFound,500
atlanta,http://atlanta.craigslist.org/atl/sys/2112256029.html,2009/2010  Macbook pro 13 unibody ~ Office 11/CS5/Final Cut 7 -,1050,13,2.4,4,NotFound
atlanta,http://atlanta.craigslist.org/atl/sys/2111884288.html,macbook pro for sale  -,1000,13,2.26,NotFound,NotFound
atlanta,http://atlanta.craigslist.org/atl/sys/2111643185.html,MACBOOK PRO 2 weeks old -,1000,13,NotFound,4,NotFound
atlanta,http://atlanta.craigslist.org/atl/msg/2109530863.html,Trade my 1988 American Fender Strat! for (Iphone 4g or macbook pro) -,1500,NotFound,NotFound,NotFound,NotFound
atlanta,http://atlanta.craigslist.org/atl/sys/2106964796.html,"MACBOOK PRO UNIBODY 15"" -",1300,15,2.53,4,NotFound
atlanta,http://atlanta.craigslist.org/atl/sys/2106861154.html,MACBOOK pro -,2000,13,NotFound,NotFound,NotFound
atlanta,http://atlanta.craigslist.org/nat/sys/2106189266.html,Apple 13in Unibody Macbook Pro -,1000,13,2.53,NotFound,NotFound
atlanta,http://atlanta.craigslist.org/nat/sys/2105654070.html,MACBOOK PRO -,1000,15,2.4,4,NotFound
atlanta,http://atlanta.craigslist.org/atl/sys/2103672040.html,Apple Macbook Pro + Software -,1250,15,NotFound,NotFound,NotFound
atlanta,http://atlanta.craigslist.org/atl/sys/2103154418.html,MacBook Pro 15inch i5 processor w/case and custom bag.  -,2000,15,2.67,NotFound,NotFound
atlanta,http://atlanta.craigslist.org/nat/sys/2101568315.html,"Macbook Pro 13"" Over $5,500 in Software -",825,10,2.26,2,NotFound
austin,http://austin.craigslist.org/ele/2148231827.html,"MacBook Pro 15""2.4 GHz 2 gb RAM 2008 -",800,15,NotFound,2,NotFound
austin,http://austin.craigslist.org/sys/2148039588.html,"Excellent Macbook pro 15"" unibody mid 09 cpu=2.53g,Mem=4g,Hdd=320g  -",1190,10,NotFound,NotFound,NotFound
austin,http://austin.craigslist.org/sys/2147798648.html,NEW MACBOOK PRO 17IN i7 2.66ghz CORE UNOPENED! -,2700,17,2.66,NotFound,500
austin,http://austin.craigslist.org/sys/2147797342.html,"Excellent Macbook pro 15"" 2008 CPU=2.2 g,Mem=4g,HDD=320G Box &amp; Discs  -",840,10,NotFound,NotFound,NotFound
austin,http://austin.craigslist.org/sys/2146079366.html,"Macbook pro 15"" Early 08 cpu=2.2g core2 ,Hdd=320g,Mem=8g with box -",850,10,NotFound,NotFound,NotFound
austin,http://austin.craigslist.org/sys/2138348038.html,"Awesome Macbook Pro 17"" 2.16 Intel, iWork 09, iLife 11, Aperture 3 -",800,10,NotFound,2,120
austin,http://austin.craigslist.org/sys/2133753573.html,Apple MacBook Pro 15/2.4GHz/4GB RAM/320GB HDD -,1100,10,NotFound,4,320
austin,http://austin.craigslist.org/sys/2131221016.html,"13"" MacBook Pro - 2.4GHZ - LIKE NEW -",1000,10,2.4,4,NotFound
austin,http://austin.craigslist.org/sys/2124165898.html,MacBook Pro 15 -,850,10,NotFound,3,160
austin,http://austin.craigslist.org/sys/2116568578.html,Apple MacBook Pro 15.4/2.66 gHz/8 gb RAM/TWO HARD DRIVES!  LOADED! -,1600,15,NotFound,8,256
austin,http://austin.craigslist.org/sys/2109771437.html,"15"" Macbook pro unibody Excellent condition -",1300,15,2.4,NotFound,250
austin,http://austin.craigslist.org/sys/2109099042.html,"Macbook Pro 15.4"" 160GB + MAGIC Trackpad 2.4 GHZ -",800,15,2.4,NotFound,160
austin,http://austin.craigslist.org/ele/2106662801.html,"15 inch Macbook pro 5,1 Unibody -",1350,10,2.4,NotFound,250
austin,http://austin.craigslist.org/sys/2106630977.html,Macbook Pro -,900,13,2.26,NotFound,NotFound
austin,http://austin.craigslist.org/sys/2106605655.html,Selling 13in Macbook pro -,1500,13,2.53,NotFound,NotFound
austin,http://austin.craigslist.org/sys/2095132258.html,MacBook Pro 15.2.66GHz w/4GB RAM -  -,1700,15,NotFound,4,NotFound
austin,http://austin.craigslist.org/sys/2082973337.html,MacBook Pro 15.4 2.66GHz w/4GB RAM - SOFTWARE LOADED -,1600,15,2.66,4,NotFound
austin,http://austin.craigslist.org/sys/2079397972.html,"13"" MacBook Pro -",1000,13,2.26,NotFound,NotFound
boston,http://boston.craigslist.org/gbs/sys/2146221181.html,MacBook PRO -,875,15,NotFound,NotFound,NotFound
boston,http://boston.craigslist.org/gbs/sys/2146080895.html,Macbook Pro i5 2.4Ghz MC371LL/A -,1450,10,2.4,NotFound,320
boston,http://boston.craigslist.org/nos/sys/2142032360.html,Apple Macbook Pro 17 incn C2D 2.4 4gb 250g -,1100,17,NotFound,4,250
boston,http://boston.craigslist.org/bmw/sys/2139968226.html,"Macbook Pro 15"" 2.4 GHZ DualCore 4G Ram 160G HD -",950,10,2.4,NotFound,NotFound
boston,http://boston.craigslist.org/gbs/sys/2139936286.html,Macbook pro 13 inch -,900,13,2.4,2,NotFound
boston,http://boston.craigslist.org/gbs/sys/2139188494.html,Macbook Pro 13 inch -,900,13,NotFound,NotFound,NotFound
boston,http://boston.craigslist.org/gbs/sys/2139184627.html,Macbook pro 13 inch -,900,13,NotFound,NotFound,NotFound
boston,http://boston.craigslist.org/gbs/sys/2137928329.html,Macbook Pro -,850,NotFound,NotFound,NotFound,NotFound
chicago,http://chicago.craigslist.org/nwc/sys/2148082329.html,"15in 2.5Ghz Apple MacBook Pro - Upgrades Galore, Matte Screen! -",1700,10,2.5,4,NotFound
chicago,http://chicago.craigslist.org/nwc/sys/2147926650.html,"MacBook Pro 15"" + Extras -",1000,15,NotFound,2,160
chicago,http://chicago.craigslist.org/nch/bar/2146352160.html,**** I NEED A MACBOOK PRO **** YOU NEED POWER TOOLS !! LETS TRADE ! -,999,13,NotFound,NotFound,NotFound
chicago,http://chicago.craigslist.org/chc/sys/2144058180.html,"MacBook Pro 2.4 Ghz, 4GB RAM, 15 -",800,10,2.4,4,NotFound
chicago,http://chicago.craigslist.org/chc/ele/2143550071.html,Apple 17'' Macbook Pro -,900,17,NotFound,NotFound,NotFound
chicago,http://chicago.craigslist.org/chc/sys/2143169188.html,"15"" Apple MacBook Pro 2.33/ 2gigs ram MINT. -",1100,10,2.33,NotFound,NotFound
chicago,http://chicago.craigslist.org/chc/ele/2142546312.html,MACBOOK PRO LIKE NEW FOR SALE -,1100,13,NotFound,NotFound,NotFound
chicago,http://chicago.craigslist.org/nch/bar/2140193930.html,*** Trade DeWalt Makita Milwaukee Tools for Macbook Pro *** -,999,13,NotFound,NotFound,NotFound
chicago,http://chicago.craigslist.org/nwc/bar/2139845572.html,**** I NEED A MACBOOK PRO **** YOU NEED POWER TOOLS !! LETS TRADE ! -,999,13,NotFound,NotFound,NotFound
chicago,http://chicago.craigslist.org/chc/sys/2137672188.html,"Apple Computer, 15 inch Macbook Pro Unibody 2.4Ghz, Max Ram -",1700,10,2.4,4,NotFound
chicago,http://chicago.craigslist.org/chc/sys/2034473434.html,"LIMITED TIME LIKE NEW 15.4"" Macbook Pro $800/O.B.O -",800,15,NotFound,NotFound,NotFound
chicago,http://chicago.craigslist.org/chc/sys/2034336463.html,MACBOOK PRO 13 INCH 2.53 GHZ 4GB RAM -,950,13,2.53,4,NotFound
chicago,http://chicago.craigslist.org/sox/sys/2033769826.html,"Like new Macbook Pro 13"" -",1000,13,NotFound,NotFound,NotFound
chicago,http://chicago.craigslist.org/chc/sys/2033748656.html,15 inch macbook pro (mobile studio)  -,850,NotFound,NotFound,NotFound,NotFound
chicago,http://chicago.craigslist.org/chc/sys/2033731573.html,Macbook Pro 13 inch -,1000,13,NotFound,NotFound,NotFound
chicago,http://chicago.craigslist.org/chc/sys/2033718649.html,"13"" Macbook Pro with Final Cut Studio 3 -",800,NotFound,NotFound,NotFound,NotFound
chicago,http://chicago.craigslist.org/chc/ele/2033499890.html,Macbook Pro 13 2.53 GHz  -,1050,13,2.53,NotFound,NotFound
dallas,http://dallas.craigslist.org/ftw/sys/2147559658.html,Need to sell Macbook Pro With Apple Care -,1200,15,2.4,NotFound,NotFound
dallas,http://dallas.craigslist.org/ftw/sys/2143545611.html,"Apple MacBook Pro ""Core 2 Duo"" 2.5 15"" (08) -",850,10,NotFound,NotFound,NotFound
dallas,http://dallas.craigslist.org/ndf/sys/2140614285.html,barely used 13 inch macbook pro -,1000,13,NotFound,NotFound,NotFound
dallas,http://dallas.craigslist.org/ftw/sys/2140435110.html,Macbook Pro 15'' With Apple Care -,1200,15,2.4,NotFound,NotFound
dallas,http://dallas.craigslist.org/ndf/sys/2139149662.html,Macbook Pro 13in 2.4GHz (great deal) -,1400,13,2.4,4,NotFound
dallas,http://dallas.craigslist.org/ndf/sys/2137897783.html,"Immaculate Macbook Pro 13"" Unibody + Apple Care -",1650,10,2.53,4,NotFound
dallas,http://dallas.craigslist.org/dal/sys/2137316653.html,MacBook pro fully loaded  -,1800,17,NotFound,NotFound,NotFound
dallas,http://dallas.craigslist.org/dal/sys/2135303786.html,MacBook Pro CASH ONLY -,950,13,NotFound,NotFound,160
dallas,http://dallas.craigslist.org/ftw/sys/2130759040.html,MacBook Pro - 17 inch -,1550,15,2.5,4,NotFound
dallas,http://dallas.craigslist.org/dal/sys/2127822585.html,used Macbook Pro Unibody for sale -,1300,11,2.53,4,NotFound
dallas,http://dallas.craigslist.org/dal/sys/2125888216.html,Macbook Pro 17 2.5Ghz High Res -,1200,17,2.5,NotFound,NotFound
dallas,http://dallas.craigslist.org/ftw/mob/2123198915.html,Macbook Pro Unibody  -,950,13,NotFound,NotFound,NotFound
dallas,http://dallas.craigslist.org/dal/ele/2122780080.html,Macbook Pro 15 -,870,10,2.2,NotFound,NotFound
dallas,http://dallas.craigslist.org/dal/sys/2122098330.html,"Macbook Pro Unibody 15"" - i5 2.53 GHz -",1699,15,2.53,NotFound,NotFound
dallas,http://dallas.craigslist.org/ndf/ele/2120910955.html,Macbook Pro -,900,13,2.4,4,NotFound
dallas,http://dallas.craigslist.org/dal/sys/2120375594.html,"Macbook Pro Unibody - 15"" i5 2.53 GHz -",1699,15,2.53,NotFound,NotFound
dallas,http://dallas.craigslist.org/dal/sys/2120234724.html,Macbook Pro 2.5Ghz High Resolution -,1225,17,2.5,NotFound,NotFound
dallas,http://dallas.craigslist.org/ndf/sys/2117142562.html,Apple 512 GB SSD SATA from a new i7 MacBook Pro -,900,15,2.53,NotFound,512
dallas,http://dallas.craigslist.org/dal/sys/2116858048.html,Macbook Pro 17 2.5Ghz  -,1225,17,2.5,NotFound,NotFound
dallas,http://dallas.craigslist.org/dal/sys/2115186890.html,Macbook Pro 17 2.5Ghz  -,1250,17,2.5,NotFound,NotFound
dallas,http://dallas.craigslist.org/dal/sys/2115180573.html,Macbook Pro 17 2.5Ghz High Res -,1250,17,2.5,NotFound,NotFound
dallas,http://dallas.craigslist.org/ftw/sys/2113796593.html,MacBook pro 15  -,1300,15,NotFound,NotFound,NotFound
dallas,http://dallas.craigslist.org/ftw/sys/2110901354.html,"Excellent 13.3"" Macbook Pro Unibody...OBO -",1200,13,NotFound,4,500
dallas,http://dallas.craigslist.org/ndf/sys/2109425584.html,MacBook Pro 15 inch widescreen with APPLE CARE -,950,10,2.2,4,NotFound
dallas,http://dallas.craigslist.org/dal/ele/2106501843.html,15 inch Macbook Pro (2008 version) -,850,15,2.4,NotFound,250
dallas,http://dallas.craigslist.org/dal/sys/2102205751.html,. -,NotFound,NotFound,NotFound,NotFound,NotFound
dallas,http://dallas.craigslist.org/dal/sys/2089114007.html,"Apple Macbook Pro 17"" -",2200,17,2.67,NotFound,NotFound
denver,http://denver.craigslist.org/sys/2147548780.html,MacBook Pro 15 -,1300,15,2.4,2,NotFound
denver,http://denver.craigslist.org/sys/2147236232.html,"MacBook Pro 17"" &amp; Monitor -",1400,17,NotFound,NotFound,NotFound
denver,http://denver.craigslist.org/sys/2146595620.html,Macbook Pro 17 inch  -,1150,10,2.33,NotFound,320
denver,http://denver.craigslist.org/sys/2142714478.html,Macbook Pro 13 inch  -,1100,13,NotFound,NotFound,150
denver,http://denver.craigslist.org/sys/2140055797.html,"Macbook Pro, 15"", 2.53 MZ, 4 GB, 500 GB 7200 RPM -",1350,15,NotFound,4,500
denver,http://denver.craigslist.org/sys/2139209191.html,Macbook pro 15inch  -,800,15,2.4,4,NotFound
denver,http://denver.craigslist.org/sys/2137903699.html,17 inch macbook Pro loaded with extras -,1200,17,2.33,3,NotFound
denver,http://denver.craigslist.org/sys/2134821513.html,"2010 13"" Macbook Pro Brand new with box and receipt -",999,13,NotFound,NotFound,NotFound
denver,http://denver.craigslist.org/sys/2131182614.html,Macbook Pro 17 inch with original Box and lots of extras!  -,1200,17,2.33,3,NotFound
denver,http://denver.craigslist.org/sys/2129845681.html,"Apple Macbook Pro 17"" W/ orignal package and NEW BATERY -",899,17,2.16,1,NotFound
denver,http://denver.craigslist.org/sys/2126459807.html,"17"" Macbook Pro apple/ NEW BATTERY!!!!!! -",899,17,2.16,1,NotFound
denver,http://denver.craigslist.org/sys/2125683679.html,Flawless Macbook Pro 17 inch!New battery! Software!  -,1300,17,2.33,3,NotFound
denver,http://denver.craigslist.org/sys/2121173413.html,"13"" Unibody MacBook Pro $800 -",800,13,NotFound,4,500
denver,http://denver.craigslist.org/ele/2111264098.html,MacBook Pro  -,900,16,2.4,4,NotFound
denver,http://denver.craigslist.org/sys/2106413670.html,"MacBook Pro 13"" -",1000,13,2.53,4,NotFound
denver,http://denver.craigslist.org/sys/2105649913.html,Macbook Pro UNIbody for Sale! lots of goodies   -,1200,11,NotFound,NotFound,150
denver,http://denver.craigslist.org/sys/2101021875.html,~~~MINTY~~~Macbook Pro 17+++!!!! 1TB HDD -,1410,10,2.66,NotFound,NotFound
denver,http://denver.craigslist.org/sys/2098684253.html,Macbook Pro with lots of goodies! Flawless Like NEW  -,1100,11,NotFound,2,150
denver,http://denver.craigslist.org/sys/2090565498.html,"Macbook Pro 15"" computer -",860,10,2.16,3,NotFound
denver,http://denver.craigslist.org/ele/2086039197.html,Macbook Pro  -,900,15,NotFound,NotFound,NotFound
denver,http://denver.craigslist.org/ele/2085670585.html,brand new 15inch macbook pro i5 w receipt -,1600,15,2.67,NotFound,320
denver,http://denver.craigslist.org/sys/2085081827.html,MacBook Pro laptop.  -,850,NotFound,NotFound,NotFound,NotFound
denver,http://denver.craigslist.org/sys/2084588304.html,Apple 15 Macbook Pro Laptop 2.66 LOADED! -,1395,10,NotFound,NotFound,NotFound
denver,http://denver.craigslist.org/sys/1968590768.html,"17"" MacBook Pro Core i7 -",2300,NotFound,NotFound,NotFound,NotFound
detroit,http://detroit.craigslist.org/wyn/sys/2143189377.html,Macbook Pro (With Everything) -,1200,13,2.4,NotFound,NotFound
detroit,http://detroit.craigslist.org/okl/mob/2142244517.html,$1000 obo '06 MacBook Pro -,1000,13,NotFound,NotFound,NotFound
detroit,http://detroit.craigslist.org/wyn/sys/2141958292.html,MacBook Pro 15 inch 2.4 Core 2 Duo 8Gb Ram -,1000,15,NotFound,8,NotFound
detroit,http://detroit.craigslist.org/okl/sys/2139802321.html,"MacBook Pro 15"" Unibody -",1750,15,2.53,8,NotFound
detroit,http://detroit.craigslist.org/mcb/ele/2133268919.html,"15"" macbook pro!!  -",1400,15,NotFound,NotFound,NotFound
detroit,http://detroit.craigslist.org/okl/sys/2133020310.html,"Apple MacBook Pro 15' w/Final Cut Pro, Photoshop CS5, etc. -",800,15,NotFound,NotFound,NotFound
detroit,http://detroit.craigslist.org/okl/sys/2132570690.html,"Macbook pro 15"" 3 months old  -",2000,15,2.53,NotFound,NotFound
detroit,http://detroit.craigslist.org/wyn/sys/2130286169.html,"Macbook Pro 15"" -",1000,15,NotFound,4,320
detroit,http://detroit.craigslist.org/okl/sys/2114003559.html,"T9900 8GB RAM  Macbook Pro 17"" 3.06 GHz  -",1200,17,3.06,8,NotFound
detroit,http://detroit.craigslist.org/okl/sys/2113334175.html,MacBook Pro Lap top  -,1400,15,NotFound,NotFound,NotFound
detroit,http://detroit.craigslist.org/okl/sys/2108245011.html,2010 MacBook pro 13' with 256gb SSD drive + 8gb ram -,1700,13,NotFound,8,256
detroit,http://detroit.craigslist.org/mcb/sys/2090266871.html,"MacBook Pro 15"" Widescreen -",800,10,NotFound,2,NotFound
detroit,http://detroit.craigslist.org/mcb/ele/2077563633.html,"17"" MacBook Pro -",1600,17,2.5,NotFound,240
houston,http://houston.craigslist.org/sys/2147150663.html,15-inch MacBook Pro (Late 2008) -,1400,15,2.4,NotFound,NotFound
houston,http://houston.craigslist.org/ele/2147121830.html,52 inch Samsung LCD HD TV 1080p &amp; 120 hz (Trade for Macbook Pro) -,800,15,NotFound,NotFound,NotFound
houston,http://houston.craigslist.org/ele/2145916575.html,MacBook Pro 2.4 Ghz -,1000,15,2.4,2,NotFound
houston,http://houston.craigslist.org/sys/2145782966.html,"MacBook Pro 17"" Core 2 Duo 2.66 -",1625,17,NotFound,NotFound,NotFound
houston,http://houston.craigslist.org/sys/2134992936.html,MacBook Pro 2.4 GHz -,1100,15,2.4,2,NotFound
houston,http://houston.craigslist.org/sys/2143594859.html,"New 2010 MacBook Unibody, 8Gb**Final Cut Pro**Pro Tool**Logic Pro**CS5 -",1199,10,NotFound,8,NotFound
houston,http://houston.craigslist.org/sys/2143149001.html,"New 2010 MacBook Unibody, 4Gb**Final Cut Pro**Pro Tool**Logic Pro**CS5 -",999,10,2.4,4,NotFound
houston,http://houston.craigslist.org/sys/2138505667.html,macbook pro battery -,2030,11,2.53,NotFound,NotFound
houston,http://houston.craigslist.org/sys/2133834212.html,"MacBook Pro 17, Adobe CS5, Perfect Condition -",1500,17,2.5,4,NotFound
houston,http://houston.craigslist.org/sys/2129387244.html,"MACBOOK PRO 13"" -",1200,13,NotFound,NotFound,NotFound
houston,http://houston.craigslist.org/mob/2127378837.html,MacBook Pro Unibody 13in WTT -,850,13,NotFound,NotFound,NotFound
houston,http://houston.craigslist.org/sys/2126103289.html,NEW NEVER USED MACBOOK PRO -,1200,15,2.53,4,NotFound
houston,http://houston.craigslist.org/sys/2122355882.html,"Fastest Macbook Pro, 3.06Ghz processor, Final Cut Pro***CS5***Warranty -",1950,15,3.06,NotFound,500
houston,http://houston.craigslist.org/sys/2119821685.html,"15"" Macbook Pro, 4Gb**500Gb**Final Cut Pro***Logic Pro Tools***CS5 -",999,10,NotFound,4,500
houston,http://houston.craigslist.org/sys/2115413451.html,APPLE MACBOOK PRO  -,885,13,2.26,2,NotFound
houston,http://houston.craigslist.org/sys/2111526486.html,"MINT MACBOOK PRO 17"" Intel i7 2.66GHZ-3.33 Turbo CORE i7 8GB RAM!!!!!! -",1409,17,2.66,8,NotFound
houston,http://houston.craigslist.org/sys/2101314975.html,SELLING 2010 MACBOOK PRO CORE 2 DUO! L@@K -,1100,19,NotFound,4,NotFound
houston,http://houston.craigslist.org/sys/2091249951.html,Macbook Pro 15 ich Uninody 2.53 -,1150,15,NotFound,NotFound,NotFound
houston,http://houston.craigslist.org/sys/2084120353.html,Apple Macbook Pro 17 AntiGlare i7 256 SSD AppleCare iLife 11 Office 11 -,3100,17,2.66,NotFound,256
houston,http://houston.craigslist.org/mob/2079682288.html,"BRAND NEW (SEALED) Macbook Pro 13"", 15"", 17"" for Sale -",800,13,2.4,NotFound,NotFound
houston,http://houston.craigslist.org/sys/2078171073.html,"13"" Macbook Pro 4Gb**Final Cut Pro**Logic Pro**Pro Tool**CS5**Warranty -",999,10,NotFound,4,NotFound
houston,http://houston.craigslist.org/sys/1968290479.html,15.4 MacBook Pro -,1400,NotFound,NotFound,NotFound,NotFound
houston,http://houston.craigslist.org/sys/1967758760.html,"Barely Used 17"" MacBook Pro -",1700,17,NotFound,NotFound,NotFound
lasvegas,http://lasvegas.craigslist.org/sys/2145509024.html,"17 "" MacBook Pro  -",850,17,2.16,2,NotFound
lasvegas,http://lasvegas.craigslist.org/sys/2145072557.html,"17 inch MacBook Pro (2.33 Ghz, 3 GB Ram) -",875,15,2.33,3,NotFound
lasvegas,http://lasvegas.craigslist.org/sys/2143281697.html,Macbook Pro 15 -,1800,15,NotFound,NotFound,NotFound
lasvegas,http://lasvegas.craigslist.org/sys/2137081448.html,MacBook Pro 13&quot; -,1000,13,NotFound,NotFound,NotFound
lasvegas,http://lasvegas.craigslist.org/sys/2129791447.html,"after xmas sale 17"" macbook pro w/apple protection plan in box new!  -",1500,17,NotFound,NotFound,NotFound
lasvegas,http://lasvegas.craigslist.org/sys/2109684399.html,macbook pro -,800,13,NotFound,4,NotFound
lasvegas,http://lasvegas.craigslist.org/sys/2106243307.html,Macbook pro -,1300,13,NotFound,4,320
lasvegas,http://lasvegas.craigslist.org/sys/2102917946.html,MACBOOK PRO -,800,15,NotFound,4,NotFound
lasvegas,http://lasvegas.craigslist.org/sys/2098256219.html,"MACBOOK PRO 17"" LIKE NEW 4GB RAM  -",825,17,NotFound,4,250
lasvegas,http://lasvegas.craigslist.org/sys/2092327072.html,"MacBook Pro 13"" unibody -",820,13,NotFound,NotFound,NotFound
lasvegas,http://lasvegas.craigslist.org/sys/2083526839.html,"17"" MACBOOK PRO LIKE NEW 4GB RAM 250GB HD -",875,17,NotFound,4,250
losangeles,http://losangeles.craigslist.org/wst/sys/2147978709.html,"MacBook Pro 13"" Unibody -",900,13,NotFound,2,160
losangeles,http://losangeles.craigslist.org/sgv/sys/2147923292.html,"Macbook Pro 17"" i5 -",1900,17,2.67,4,NotFound
losangeles,http://losangeles.craigslist.org/sfv/ele/2147510383.html,Macbook Pro 15 inch 2.4  320gb  not unibody ObO -,800,15,NotFound,NotFound,320
losangeles,http://losangeles.craigslist.org/sfv/sys/2147495726.html,super fast Macbook Pro 15inch OBO -,800,15,2.4,NotFound,320
losangeles,http://losangeles.craigslist.org/wst/sys/2147407376.html,Brand New 17' Macbook Pro -,800,17,NotFound,NotFound,NotFound
losangeles,http://losangeles.craigslist.org/sfv/sys/2147232124.html,"Awesome 15"" Macbook Pro with all the new goodies! Trade possible -",850,10,NotFound,NotFound,NotFound
losangeles,http://losangeles.craigslist.org/lac/sys/2147224638.html,"~** 2010 13"" Macbook Pro Warranty+Software **~ -",1150,13,NotFound,4,250
losangeles,http://losangeles.craigslist.org/sfv/sys/2147217226.html,"2010 Macbook Pro 13"" 4GB Ram, 250GB HD, Warranty Included -",1150,13,NotFound,4,250
losangeles,http://losangeles.craigslist.org/sfv/sys/2146977658.html,UNIBODY MACBOOK PRO 17' 2011  I7 -,2400,17,NotFound,NotFound,NotFound
losangeles,http://losangeles.craigslist.org/lac/sys/2146245568.html,"Apple MacBook Pro 17"" inch 2.33 GHz * 160 Gig Hard Drive * 2 Gig Ram + -",1250,10,2.33,NotFound,200
losangeles,http://losangeles.craigslist.org/sgv/sys/2146018750.html,MACBOOK PRO UNIBODY 15 -,1350,15,2.8,4,NotFound
losangeles,http://losangeles.craigslist.org/lgb/sys/2145681806.html,MacBook Pro 15 -,1025,15,2.5,4,NotFound
losangeles,http://losangeles.craigslist.org/wst/sys/2145324283.html,"MacBook Pro 17"" 4GB RAM -",1295,17,NotFound,4,320
losangeles,http://losangeles.craigslist.org/sfv/sys/2145232822.html,macbook pro 17 inch like new -,1200,17,2.4,NotFound,NotFound
losangeles,http://losangeles.craigslist.org/lgb/sys/2145217967.html,"MacBook Pro 15"" and 17"" -",1000,15,NotFound,NotFound,NotFound
losangeles,http://losangeles.craigslist.org/lgb/sys/2144951563.html,"Macbook Pro 15"" for sale!! -",800,15,NotFound,NotFound,NotFound
losangeles,http://losangeles.craigslist.org/sfv/sys/2144475277.html,macbook pro 17' -,1400,17,2.16,4,NotFound
losangeles,http://losangeles.craigslist.org/wst/sys/2144459476.html,Macbook Pro 13 -,1050,10,2.53,NotFound,NotFound
losangeles,http://losangeles.craigslist.org/wst/sys/2144284758.html,====BRAND NEW==MACBOOK PRO 13 INCH 2.66GHZ==NO TAX==(424) 222-9296==== -,1499,13,2.66,NotFound,NotFound
losangeles,http://losangeles.craigslist.org/sfv/sys/2144245055.html,"Apple, MacBook Pro with 15 Inch Screen, CS2 Installed.  -",800,15,2.2,2,NotFound
losangeles,http://losangeles.craigslist.org/wst/sys/2143788893.html,LATE 2008 MACBOOK PRO UNIBODY -,1100,10,NotFound,NotFound,NotFound
losangeles,http://losangeles.craigslist.org/sfv/sys/2143770440.html,17 Inch MacBook Pro -,875,10,2.16,2,NotFound
losangeles,http://losangeles.craigslist.org/sfv/sys/2143535432.html,"2010 13"" macbook pro UNIBODY with APPLECARE -",1150,13,NotFound,NotFound,NotFound
losangeles,http://losangeles.craigslist.org/sgv/sys/2143407258.html,"MACBOOK PRO 17"" 2.4GHZ DUO CORE -",1000,17,2.4,NotFound,NotFound
losangeles,http://losangeles.craigslist.org/lgb/sys/2143278333.html,"MacBook Pro 15"" 2.5GHZ  -",1150,15,2.5,4,NotFound
losangeles,http://losangeles.craigslist.org/lac/sys/2143263094.html,Macbook pro 13 in unibody.Perfect condition.w ableton live 8 -,1000,13,2.26,2,NotFound
losangeles,http://losangeles.craigslist.org/sfv/sys/2142580515.html,MacBook Pro 15 -,950,10,NotFound,2,100
losangeles,http://losangeles.craigslist.org/lac/sys/2142533266.html,"15"" MACBOOK PRO-2.4GHZ, Final Cut Pro 7, Adobe CS5, Logic 9, APPLECARE -",950,15,2.4,NotFound,320
losangeles,http://losangeles.craigslist.org/lac/sys/2142496720.html,"Apple 17"" Macbook Pro 2.3 Core Duo -",1250,17,2.33,NotFound,NotFound
losangeles,http://losangeles.craigslist.org/wst/sys/2141709175.html,"15"" MacBook Pro Core 2 Duo 2.6ghz -",1200,15,2.6,NotFound,NotFound
losangeles,http://losangeles.craigslist.org/sfv/sys/2141539079.html,"&#9733; 2010  MACBOOK PRO 15"" w/my Mac receipt &#9733;    -",2000,15,NotFound,NotFound,NotFound
losangeles,http://losangeles.craigslist.org/sgv/sys/2141220683.html,"Macbook Pro 17"" i5 unibody -",1900,17,2.67,4,NotFound
losangeles,http://losangeles.craigslist.org/wst/sys/2140761998.html,MACBOOK PRO INTEL -,800,15,NotFound,2,NotFound
losangeles,http://losangeles.craigslist.org/lgb/ele/2139967535.html,"macbook pro 17"" and 15' -",1215,17,NotFound,NotFound,NotFound
losangeles,http://losangeles.craigslist.org/lgb/sys/2139961525.html,"Apple MacBook Pro 15"" -",1200,15,NotFound,NotFound,NotFound
losangeles,http://losangeles.craigslist.org/lac/sys/2139447824.html,MACBOOK PRO 13'' - ADOBE SUITE AND LOTS OF EXTRAS!! -,1300,13,NotFound,NotFound,NotFound
losangeles,http://losangeles.craigslist.org/wst/sys/2139446239.html,"Intel Dual-Core Apple 15"" MacBook Pro -",900,15,NotFound,0,100
losangeles,http://losangeles.craigslist.org/sgv/sys/2139153412.html,"MacBook Pro 13"" -",800,13,2.4,2,NotFound
losangeles,http://losangeles.craigslist.org/wst/sys/2138056833.html,Macbook pro 17 sale or trade -,950,11,2.4,3,NotFound
losangeles,http://losangeles.craigslist.org/ant/sys/2137915356.html,MACBOOK PRO 13'' ADOBE SUITE &amp; MICROSOFT OFFICE -,1300,13,NotFound,NotFound,NotFound
losangeles,http://losangeles.craigslist.org/lgb/sys/2137381829.html,2010 MacBook pro.. 13..pristine 2.66...320gb...4gb..ram -,1480,13,NotFound,4,320
losangeles,http://losangeles.craigslist.org/sfv/sys/2137153518.html,13inch MACBOOK pro laptop..INTEL CORE DUO..6 months old..or trade???  -,950,13,NotFound,NotFound,NotFound
losangeles,http://losangeles.craigslist.org/sgv/sys/2129212700.html,MACBOOK PRO 15in  i5  -,1500,15,2.67,NotFound,NotFound
miami,http://miami.craigslist.org/mdc/sys/2147297791.html,"17"" MacBook Pro 2.53GHz i5 / BRAND NEW in BOX -",1900,13,2.53,NotFound,NotFound
miami,http://miami.craigslist.org/mdc/sys/2146201392.html,"MacBook Pro 15"" with Extras!! -",750,10,2.16,4,NotFound
miami,http://miami.craigslist.org/mdc/sys/2142888170.html,"Apple MacBook Pro 13"" (FACTORY SEALED) -",1150,13,NotFound,4,250
miami,http://miami.craigslist.org/mdc/mob/2142886720.html,MacBook pro -,1200,15,2.66,4,NotFound
miami,http://miami.craigslist.org/mdc/sys/2142875526.html,MacBook Pro 17 USED -,800,10,2.16,1,NotFound
miami,http://miami.craigslist.org/mdc/mob/2142107567.html,MacBook pro -,1200,13,2.66,4,NotFound
miami,http://miami.craigslist.org/pbc/sys/2141911688.html,Macbook Pro with Final Cut Pro and Microsoft Office  -,1000,NotFound,NotFound,3,150
miami,http://miami.craigslist.org/mdc/sys/2136699662.html,"BEST DEAL ON CRAIGSLIST!! MACBOOK PRO 17"" i5 SEALED IN THE BOX!!!!! -",2000,17,2.53,NotFound,NotFound
miami,http://miami.craigslist.org/brw/sys/2136432772.html,mint 15inch macbook pro 2.66ghz 4gb  -,1300,15,2.66,4,NotFound
miami,http://miami.craigslist.org/mdc/sys/2136421433.html,APPLE MACBOOK PRO 13' 2GB !  -,950,13,NotFound,2,NotFound
miami,http://miami.craigslist.org/brw/sys/2133514527.html,"MACBOOK PRO 17"" UPGRADED 2.66GHZ $1000 OBO -",1000,17,2.66,NotFound,NotFound
miami,http://miami.craigslist.org/mdc/sys/2133265447.html,MacBook pro -,1200,NotFound,NotFound,NotFound,NotFound
miami,http://miami.craigslist.org/mdc/sys/2129757599.html,apple macbook pro 17 laptop 1 week old -,1800,17,NotFound,NotFound,NotFound
miami,http://miami.craigslist.org/mdc/sys/2125890380.html,"15&quot; MACBOOK PRO, 17&quot; HP PAVILION LAPTOP -",1100,17,NotFound,NotFound,NotFound
miami,http://miami.craigslist.org/mdc/sys/2124266596.html,MacBook pro -,1200,13,NotFound,NotFound,320
miami,http://miami.craigslist.org/mdc/sys/2123362474.html,"Brand New Unopened 15"" MacBook Pro i5 (MC372LL/A) -",2000,15,2.67,NotFound,NotFound
miami,http://miami.craigslist.org/pbc/sys/2121651967.html,Macbook PRO plus adobe and microsoft collection -,1200,15,2.4,0,NotFound
miami,http://miami.craigslist.org/mdc/mcy/2119121553.html,Retro 150CC Scooter Trade for Macbook Pro -,1600,12,NotFound,NotFound,NotFound
miami,http://miami.craigslist.org/mdc/sys/2117208344.html,MacBook pro uni body 1 month old -,1500,15,2.67,NotFound,NotFound
miami,http://miami.craigslist.org/brw/wan/2115834554.html,I PAY CA$H FOR APPLE MACBOOK PRO LAPTOP $$  813-699-9490 -,1000,15,NotFound,NotFound,NotFound
miami,http://miami.craigslist.org/mdc/sys/2115262613.html,MACBOOK PRO needs to go CALL FAST! -,1000,15,NotFound,NotFound,NotFound
miami,http://miami.craigslist.org/pbc/sys/2114541617.html,Macbook Pro Stainless Steel with Final Cut Pro 7 -,1000,15,NotFound,NotFound,NotFound
miami,http://miami.craigslist.org/brw/sys/2113438346.html,"Macbook Pro 15"" 2.4 GHz with windows 7 Ultimate + 4 gigs of ram. -",850,10,2.4,NotFound,NotFound
miami,http://miami.craigslist.org/brw/sys/2110250868.html,CASH FOR APPLE COMPUTER LAPTOP MACBOOK &amp; PRO -,1000,13,NotFound,NotFound,NotFound
miami,http://miami.craigslist.org/pbc/sys/2110224652.html,"15"" MacBook Pro w/Software &amp; Apple Wireless Mouse/Keyboard -",1990,NotFound,2.67,NotFound,NotFound
miami,http://miami.craigslist.org/mdc/sys/2108647640.html,"17"" MACBOOK PRO with NVIDIA GeForce GT 330M 512 MB DDR3 and 1TB HDD  -",1405,10,2.66,8,NotFound
miami,http://miami.craigslist.org/mdc/sys/2107275722.html,Macbook Pro 15 PERFECT CONDITION  -,1600,15,2.4,4,NotFound
miami,http://miami.craigslist.org/mdc/sys/2105262859.html,MacBook pro -,1200,13,2.66,NotFound,320
miami,http://miami.craigslist.org/pbc/sys/2101468766.html,"--------Macbook PRO 17"" with Intel i7 2.66GHZ-3.33 Turbo CORE i7------ -",1416,10,2.66,8,NotFound
miami,http://miami.craigslist.org/mdc/sys/2100297335.html,"Sealed Brand New mc371 Macbook Pro core i5, 320hdd, 2.4Ghz!!! -",1500,15,2.4,NotFound,NotFound
miami,http://miami.craigslist.org/mdc/sys/2100183252.html,"13"" MacBook pro (NEW) -",1200,13,NotFound,NotFound,320
miami,http://miami.craigslist.org/mdc/sys/2100179252.html,Apple macbook pro NEW -,1780,15,2.5,NotFound,320
miami,http://miami.craigslist.org/pbc/sys/2099331897.html,"17"" MacBook Pro 2.53GHz i5 / 8GB Ram / Like New in Box -",1800,17,2.53,8,NotFound
miami,http://miami.craigslist.org/brw/sys/2097238647.html,MACBOOK PRO -,1800,15,2.8,4,NotFound
miami,http://miami.craigslist.org/brw/sys/2096386295.html,MacBook pro -,1200,13,2.66,NotFound,320
miami,http://miami.craigslist.org/mdc/sys/2095884678.html,apple macbook pro NEW -,1800,15,2.4,NotFound,320
miami,http://miami.craigslist.org/mdc/sys/2094653871.html,MacBook pro -,1200,13,2.66,NotFound,320
miami,http://miami.craigslist.org/pbc/ele/2092229791.html,"MacBook Pro 15"" UniBody 2010 -",1699,15,NotFound,NotFound,NotFound
miami,http://miami.craigslist.org/brw/sys/2090996034.html,New macbook pro 266ghz  -,1200,13,2.66,NotFound,320
miami,http://miami.craigslist.org/mdc/sys/2090987202.html,New macbook pro 266ghz  -,1200,13,2.66,NotFound,320
miami,http://miami.craigslist.org/mdc/wan/2090062261.html,"NEW MACBOOK PRO, NEW IPAD  -",888,15,2.53,NotFound,500
miami,http://miami.craigslist.org/pbc/sys/2089876883.html,"New 15"" Unibody Macbook Pro (2 mo. old) -",1699,15,NotFound,NotFound,NotFound
miami,http://miami.craigslist.org/mdc/sys/2080431818.html,Apple Macbook Pro 13 inch -,1000,13,NotFound,NotFound,NotFound
miami,http://miami.craigslist.org/mdc/sys/2079117766.html,"MacBook Pro 13"" 2009 Model -",1000,13,2.53,4,NotFound
miami,http://miami.craigslist.org/brw/sys/2078867770.html,"15"" Macbook Pro for Sale -",900,15,2.33,NotFound,NotFound
minneapolis,http://minneapolis.craigslist.org/hnp/sys/2147189927.html,15 INCH MACBOOK PRO 8GB RAM -,1600,10,NotFound,8,320
minneapolis,http://minneapolis.craigslist.org/hnp/sys/2147181169.html,LIKE NEW!! 15 INCH MACBOOK PRO 8GB RAM!!!!! -,1600,10,NotFound,8,320
minneapolis,http://minneapolis.craigslist.org/hnp/sys/2145406745.html,"15"" MacBook Pro 320GB 4GB 8600M GT -",950,15,NotFound,4,320
minneapolis,http://minneapolis.craigslist.org/dak/sys/2145619585.html,MACBOOK PRO 15.4 in BRAND NEW CORE I-7 SEALED BOX -,1975,15,NotFound,4,500
minneapolis,http://minneapolis.craigslist.org/hnp/sys/2144683679.html,Macbook pro  -,900,13,NotFound,4,NotFound
minneapolis,http://minneapolis.craigslist.org/ank/sys/2142642913.html,"15'' MacBook Pro (Mac OS X)-$1,600/Best Offer -",1600,10,2.53,4,NotFound
minneapolis,http://minneapolis.craigslist.org/wsh/sys/2140144470.html,APPLE MACBOOK PRO 15 2.26 Ghz Intel Core 2 duo 4 gb ram -,1300,15,2.26,4,NotFound
minneapolis,http://minneapolis.craigslist.org/ram/sys/2135230736.html,"13"" Macbook Pro, $1000 OBO -",1000,13,2.66,NotFound,NotFound
minneapolis,http://minneapolis.craigslist.org/hnp/sys/2124363549.html,17 inch MacBook Pro (NEW!!) only used for 3 days -,2050,17,NotFound,NotFound,NotFound
minneapolis,http://minneapolis.craigslist.org/hnp/msg/2123822470.html,Vox AC30 CC 2x12 guitar amp FREE FLIGHTCASE - trade for MacBook Pro? -,1575,17,NotFound,4,NotFound
minneapolis,http://minneapolis.craigslist.org/hnp/sys/2104379144.html,"17 inch MacBook Pro - Never Opened, still in the box. -",2000,17,NotFound,NotFound,NotFound
minneapolis,http://minneapolis.craigslist.org/hnp/sys/2100217937.html,"MacBook Pro 5,4 4 GB memory, 2.53 GHz processor -",1300,15,2.53,4,NotFound
minneapolis,http://minneapolis.craigslist.org/dak/sys/2098018182.html,MacBook Pro -,800,13,NotFound,NotFound,NotFound
minneapolis,http://minneapolis.craigslist.org/hnp/bar/2093688812.html,My 15 inch macbook pro for your plow truck -,1900,15,NotFound,NotFound,NotFound
minneapolis,http://minneapolis.craigslist.org/hnp/sys/2090808223.html,MacBook Pro 17 UniBody 2.66 Ghz 4Gig Ram MUST SELL -,1700,10,2.66,NotFound,NotFound
minneapolis,http://minneapolis.craigslist.org/hnp/sys/2088617009.html,"13 in Macbook Pro, like new, with 2 year Geek Squad Accidental Warr. -",1100,15,2.26,2,NotFound
minneapolis,http://minneapolis.craigslist.org/ram/sys/2086209983.html,"MacBook Pro - 17"" - Mac OSX 10.6.4 Snow Leopard -",1500,10,NotFound,2,250
minneapolis,http://minneapolis.craigslist.org/hnp/sys/2075913016.html,"17"" MACBOOK PRO UNIBODY -",1800,17,2.66,4,NotFound
minneapolis,http://minneapolis.craigslist.org/hnp/sys/2075680370.html,17 inch Macbook Pro.  Loaded -,900,17,2.16,2,NotFound
minneapolis,http://minneapolis.craigslist.org/wsh/sys/1789567209.html,MacBook Pro 15 2.66 Ghz Unibody Warranty -,1450,15,2.66,NotFound,NotFound
newyork,http://newyork.craigslist.org/mnh/sys/2148103629.html,Brand New MacBook Pro 17 -,2000,17,2.53,NotFound,500
newyork,http://newyork.craigslist.org/que/ele/2147314748.html,"MACBOOK AIR,PRO OR POWERBOOK TRADE FOR FULL DJ SYSTEM  -",1000,15,NotFound,NotFound,NotFound
newyork,http://newyork.craigslist.org/brk/sys/2146689331.html,"Macbook Pro- 13 inch , sealed -",1450,13,2.66,4,NotFound
newyork,http://newyork.craigslist.org/brx/sys/2146135082.html,Macbook Pro 15 inch core i5 -,1600,15,2.53,NotFound,500
newyork,http://newyork.craigslist.org/mnh/sys/2145891692.html,"Apple MacBook Pro 17"" Brand New -",2000,17,NotFound,NotFound,NotFound
newyork,http://newyork.craigslist.org/que/sys/2145859422.html,Apple MacBook Pro 13 -,1295,10,2.26,4,NotFound
newyork,http://newyork.craigslist.org/mnh/sys/2145481146.html,Apple Macbook Pro 13-inch -,800,10,NotFound,2,160
newyork,http://newyork.craigslist.org/mnh/sys/2145132514.html,Macbook Pro 15in 2.4ghz 4gb IntelCore2Duo Uni  *Pristine w Box Must Go -,1250,15,2.4,4,NotFound
newyork,http://newyork.craigslist.org/mnh/sys/2145109003.html,"Brand New MacBook Pro 17"" in the box -",2000,17,2.53,NotFound,500
newyork,http://newyork.craigslist.org/mnh/sys/2144752582.html,Recycle We Buy MacBook iPad Macbook Pro Imac Apple Computer Cash Ready -,999,18,NotFound,NotFound,NotFound
newyork,http://newyork.craigslist.org/mnh/ele/2143850335.html,MacBook Pro 15 inch NEG -,1350,10,NotFound,NotFound,NotFound
newyork,http://newyork.craigslist.org/mnh/sys/2143268446.html,macbook pro unibody 13inch  -,980,13,2.26,4,NotFound
newyork,http://newyork.craigslist.org/mnh/sys/2142891206.html,MACBOOK PRO 15 excellent cond -,800,15,NotFound,NotFound,NotFound
newyork,http://newyork.craigslist.org/brk/sys/2142170348.html,Late 2008 Macbook Pro 17 -,800,17,2.6,NotFound,320
newyork,http://newyork.craigslist.org/brk/sys/2141674472.html,macbook pro brand new  -,1000,13,NotFound,4,250
newyork,http://newyork.craigslist.org/mnh/sys/2141518857.html,"Apple Macbook Pro 15"" -",1450,15,NotFound,NotFound,NotFound
newyork,http://newyork.craigslist.org/jsy/sys/2141359512.html,Unibody Macbook Pro 15 -,1250,10,NotFound,4,NotFound
newyork,http://newyork.craigslist.org/mnh/sys/2140967464.html,"NEW hi-res Apple Macbook Pro 17"" hi-res i7 2.66 8 GB RAM 1TB+4TB RAID -",3300,10,2.66,8,NotFound
newyork,http://newyork.craigslist.org/que/sys/2140888395.html,Macbook Pro Unibody 2.26 2gb ram 160gb office CS5 -,825,15,NotFound,2,160
newyork,http://newyork.craigslist.org/brk/sys/2140162912.html,Macbook Pro --- 15 inch '  2.53 ghz processor / 4 GB RAM - MINT COND. -,1200,10,2.53,4,NotFound
newyork,http://newyork.craigslist.org/que/sys/2139566770.html,Macbook Pro Unibody 2.26 2gb ram 160gb  office CS5 -,800,12,NotFound,2,160
newyork,http://newyork.craigslist.org/mnh/sys/2137980051.html,Macbook Pro 15 (last model before unibody) in warranty -,1300,10,NotFound,4,200
newyork,http://newyork.craigslist.org/brk/sys/2137659897.html,MACBOOK PRO 13.3 INCH FOR SELL OR TRADE -,850,13,NotFound,NotFound,160
newyork,http://newyork.craigslist.org/brk/sys/2137313795.html,macbook pro 13inch - mint -,1000,13,2.4,4,NotFound
newyork,http://newyork.craigslist.org/brk/sys/2137279528.html,"MacBook Pro Unibody Aluminum 13"" LED -",950,13,2.26,NotFound,NotFound
philadelphia,http://philadelphia.craigslist.org/sys/2144597474.html,"Apple MacBook Pro 17"" 2.53GHz 8GB Brand New -",995,17,2.53,8,NotFound
philadelphia,http://philadelphia.craigslist.org/sys/2134977679.html,"15"" Macbook Pro -",800,15,1.83,5,NotFound
philadelphia,http://philadelphia.craigslist.org/sys/2128254515.html,"Still Time: MacBook Pro 15"" 2.53GHz i5 UnOpened -",1800,15,2.53,NotFound,NotFound
philadelphia,http://philadelphia.craigslist.org/sys/2125042699.html,"MacBook Pro - 13.3"" 2.53 4gb/500gb/7200 -",1550,13,NotFound,4,500
philadelphia,http://philadelphia.craigslist.org/sys/2123453721.html,15&#8243; MacBook Pro -,1850,15,2.66,4,NotFound
philadelphia,http://philadelphia.craigslist.org/sys/2123271336.html,2007 MacBook Pro -,1500,15,NotFound,NotFound,NotFound
philadelphia,http://philadelphia.craigslist.org/sys/2122084478.html,Macbook Pro 15/2.53 ghz/4gb ram/320gb hdd/Windows7&amp;Latest MAc os!Trade -,1075,10,NotFound,4,320
philadelphia,http://philadelphia.craigslist.org/sys/2120129036.html,"Macbook Pro Core 2 Duo 15"" 4GB Ram 250 GB with Applecare -",850,15,NotFound,4,250
philadelphia,http://philadelphia.craigslist.org/ele/2118305880.html,"13"" 2.4ghz APPLE MACBOOK PRO barely used! -",1099,13,2.4,4,NotFound
philadelphia,http://philadelphia.craigslist.org/for/2117810492.html,"*****MINT CONDITION Macbook Pro 13"" with 6g RAM &amp; 250g hd -",900,13,NotFound,NotFound,250
philadelphia,http://philadelphia.craigslist.org/for/2112439005.html,"*****MINT CONDITION Macbook Pro 13"" with 6g RAM &amp; 250g hd -",900,13,NotFound,NotFound,250
philadelphia,http://philadelphia.craigslist.org/sys/2109754655.html,In box and Sealed MacBook Pro 13 in -,1000,13,2.4,NotFound,250
philadelphia,http://philadelphia.craigslist.org/for/2108295287.html,"MINT CONDITION Macbook Pro 13"" with 6g RAM &amp; 250g hd -",900,13,NotFound,NotFound,250
philadelphia,http://philadelphia.craigslist.org/ele/2099369411.html,17' Macbook Pro 4gig Memory -,900,14,NotFound,NotFound,NotFound
philadelphia,http://philadelphia.craigslist.org/sys/2087561988.html,15 IN MACBOOK PRO COREi7 500hd 4gig -,2600,15,2.53,NotFound,NotFound
philadelphia,http://philadelphia.craigslist.org/sys/2087535767.html,MACBOOK PRO COREi7 15IN NEW IN BOX  500GIGHD 4GIGMEM 16GIG IPADWIFI  -,2600,15,2.66,NotFound,NotFound
philadelphia,http://philadelphia.craigslist.org/sys/2084823849.html,"17"" MacBook Pro 500G 7200RPM 3.06 GHz  -",1200,NotFound,3.06,NotFound,NotFound
philadelphia,http://philadelphia.craigslist.org/sys/2084059631.html,Apple Macbook pro 13/2.66 ghz/320 gb hdd/4g ram!W/Case!Trade? -,975,10,NotFound,NotFound,320
phoenix,http://phoenix.craigslist.org/cph/ele/2147899762.html,Macbook Pro 13'' Brand New 800$ OBO -,800,10,2.4,4,NotFound
phoenix,http://phoenix.craigslist.org/nph/sys/2145390473.html,&#9658;&#9658;&#9658; Sell Me Your MACBOOK PRO (Free Quotes) for CASH -,1500,13,2.53,NotFound,NotFound
phoenix,http://phoenix.craigslist.org/cph/ele/2143559665.html,"GREAT CONDITION MACBOOK PRO 13"" -",900,13,2.26,2,NotFound
phoenix,http://phoenix.craigslist.org/evl/sys/2141265086.html,"Unibody Macbook Pro 15in, 4GB RAM, 250GB Harddisk -",1100,15,NotFound,4,250
phoenix,http://phoenix.craigslist.org/evl/sys/2139587512.html,"Apple Macbook Pro 13"" Aluminum &bull; Like New -",1200,13,NotFound,NotFound,NotFound
phoenix,http://phoenix.craigslist.org/nph/sys/2137054393.html,MACBOOK PRO 17 INCH BRAND NEW -,1950,17,2.53,4,NotFound
phoenix,http://phoenix.craigslist.org/evl/sys/2135477445.html,"Macbook Pro 13"" Latest Model -",1000,13,2.4,NotFound,NotFound
phoenix,http://phoenix.craigslist.org/nph/sys/2126857487.html,$$$$ Holiday CASH for your Apple Macbook Pro iMac iPAD Mac Pro $$$$ -,2000,NotFound,NotFound,NotFound,NotFound
phoenix,http://phoenix.craigslist.org/nph/sys/2126418441.html,&#9658;&#9658;&#9658; Sell Me Your MACBOOK PRO (Free Quotes) for CASH -,1500,13,NotFound,NotFound,NotFound
phoenix,http://phoenix.craigslist.org/cph/sys/2126254083.html,Macbook Pro Dual Core 15 Inch  -,800,10,2.5,4,NotFound
phoenix,http://phoenix.craigslist.org/cph/sys/2124065745.html,"Macbook Pro 17"" w/ Software -",900,10,2.33,3,NotFound
phoenix,http://phoenix.craigslist.org/nph/sys/2119722488.html,$$$$ Holiday CASH for your Apple Macbook Pro iMac iPAD Mac Pro $$$$ -,1700,NotFound,NotFound,NotFound,NotFound
phoenix,http://phoenix.craigslist.org/cph/sys/2118474024.html,Apple MacBook Pro -,900,13,2.2,2,NotFound
phoenix,http://phoenix.craigslist.org/wvl/ele/2113694455.html,Macbook Pro 15in -,1000,15,2.4,4,NotFound
phoenix,http://phoenix.craigslist.org/cph/sys/2110014597.html,"Macbook Pro 17"" 3.06 GHz T9900 8GB RAM  -",1200,17,3.06,8,NotFound
phoenix,http://phoenix.craigslist.org/nph/sys/2109388003.html,$$$$ Holiday CASH for your Apple Macbook Pro iMac iPAD Mac Pro $$$$ -,2000,NotFound,NotFound,NotFound,NotFound
phoenix,http://phoenix.craigslist.org/evl/sys/2102607389.html,"2008 15 inch Macbook Pro, not unibody -",1100,15,2.4,NotFound,NotFound
phoenix,http://phoenix.craigslist.org/evl/sys/2099583790.html,MacBook Pro i7 15 Inch -,1850,15,2.53,NotFound,500
phoenix,http://phoenix.craigslist.org/nph/sys/2097091463.html,"FS: Macbook Pro 15"" 2.33 Core 2 Duo Bundle -",850,15,NotFound,3,250
phoenix,http://phoenix.craigslist.org/nph/sys/2096623229.html,$$$$ Holiday CASH for your Apple Macbook Pro iMac iPAD Mac Pro $$$$ -,2000,NotFound,NotFound,NotFound,NotFound
phoenix,http://phoenix.craigslist.org/cph/sys/2096217293.html,"MACBOOK PRO 17"" LIKE NEW 4GB RAM ANTIGLARE SCREEN -",825,17,NotFound,4,250
phoenix,http://phoenix.craigslist.org/evl/sys/2089370127.html,Macbook pro 15 inch aluminum uni-body -,800,15,NotFound,NotFound,NotFound
phoenix,http://phoenix.craigslist.org/cph/sys/2086722929.html,"15"" Macbook pro 2.5 Ghz., 2GB, 512 VRam  -",850,15,2.5,2,NotFound
phoenix,http://phoenix.craigslist.org/nph/sys/2084963410.html,"17"" MACBOOK PRO LIKE NEW! 4GB RAM ANTIGLARE SCREEN NICE!! -",875,17,NotFound,4,250
phoenix,http://phoenix.craigslist.org/nph/sys/2082018449.html,"Apple Macbook Pro 15"" - 2.4GHz - 4G RAM - X 10.6 EXCELLENT Condition! -",801,10,2.4,NotFound,NotFound
portland,http://portland.craigslist.org/wsc/sys/2147946425.html,macbook pro with extras -,1100,16,NotFound,NotFound,NotFound
portland,http://portland.craigslist.org/wsc/sys/2145839759.html,"13"" macbook pro -",950,13,NotFound,4,160
portland,http://portland.craigslist.org/clk/sys/2138395177.html,MacBook Pro 13-inch 2.66GHz With Warranty -,1499,13,2.66,NotFound,NotFound
portland,http://portland.craigslist.org/mlt/sys/2138302141.html,Apple MacBook Pro Core Duo 2.16 17-Inch -,975,16,NotFound,NotFound,NotFound
raleigh,http://raleigh.craigslist.org/sys/2148094222.html,"15IN LED MACBOOK PRO UNIBODY 2.4,4GB,500GB -",1200,15,NotFound,4,500
raleigh,http://raleigh.craigslist.org/sys/2126182837.html,"	13 "" macbook unibody - Adobe CS5 + Final Cut Pro -",1000,13,NotFound,NotFound,NotFound
raleigh,http://raleigh.craigslist.org/sys/2100080896.html,"Unibody Macbook Pro 17"" 2.66ghz Core 2 Duo w/Extras! -",1400,17,2.66,NotFound,NotFound
raleigh,http://raleigh.craigslist.org/sys/2099268380.html,Used MacBook Pro 17in  -,900,17,2.4,2,NotFound
raleigh,http://raleigh.craigslist.org/sys/2096973154.html,MacBook Pro -,800,13,NotFound,NotFound,NotFound
sacramento,http://sacramento.craigslist.org/sys/2147980763.html,"MACBOOK PRO 13"" -",1100,13,NotFound,4,250
sacramento,http://sacramento.craigslist.org/sys/2147225275.html,Apple MacBook Pro Laptop- 13.3-Inch -,800,13,NotFound,4,250
sacramento,http://sacramento.craigslist.org/sys/2145798756.html,"17"" Macbook Pro (unibody) -",1800,17,NotFound,NotFound,NotFound
sacramento,http://sacramento.craigslist.org/sys/2144270839.html,Brand new macbook pro -,1400,10,2.26,2,NotFound
sacramento,http://sacramento.craigslist.org/ele/2143830594.html,New MacBook Pro 13inch -,1300,13,NotFound,NotFound,NotFound
sacramento,http://sacramento.craigslist.org/sys/2142291930.html,MacBook Pro -,1400,15,NotFound,NotFound,NotFound
sacramento,http://sacramento.craigslist.org/sys/2141890805.html,"13"" Apple Macbook Pro -",900,15,NotFound,NotFound,NotFound
sacramento,http://sacramento.craigslist.org/sys/2141520194.html,MacBook Pro 13inch -,1450,13,NotFound,4,NotFound
sacramento,http://sacramento.craigslist.org/sys/2140520917.html,"Macbook pro 13""  -",800,13,NotFound,NotFound,160
sacramento,http://sacramento.craigslist.org/sys/2140350499.html,"MacBook Pro 17"" Early 2009 Model -",1100,17,2.53,NotFound,NotFound
sacramento,http://sacramento.craigslist.org/sys/2036771454.html,"13"" MacBook Pro Unibody -",1300,10,2.4,2,NotFound
